{
  "classifier": {
    "accuracy": 0.7157894736842105,
    "per_class": {
      "at_risk": {
        "precision": 0.6428571428571429,
        "recall": 0.7105263157894737,
        "f1_score": 0.675,
        "support": 76
      },
      "failed": {
        "precision": 0.7111111111111111,
        "recall": 0.7272727272727273,
        "f1_score": 0.7191011235955056,
        "support": 44
      },
      "on_track": {
        "precision": 0.819672131147541,
        "recall": 0.7142857142857143,
        "f1_score": 0.7633587786259542,
        "support": 70
      }
    },
    "model_type": "XGBClassifier",
    "n_estimators": 200,
    "max_depth": 6,
    "test_size": 0.2
  },
  "regressor": {
    "mae": 0.04699736249955664,
    "rmse": 0.06014385780791927,
    "r2": 0.7568978073996444,
    "model_type": "XGBRegressor",
    "target": "budget_overrun_ratio"
  },
  "dataset": {
    "total_records": 950,
    "features": 21,
    "train_size": 760,
    "test_size": 190
  }
}