project_id,industry_type,team_size,seniority_mix_junior,seniority_mix_mid,seniority_mix_senior,budget_planned_usd,budget_planned_inr,budget_actual_usd,budget_actual_inr,duration_planned_weeks,duration_actual_weeks,scope_change_count,client_type,employee_cost_ratio,attrition_events,weekly_burn_rate_variance,outcome_label
DELTA-0001,Energy,19,0.6,0.313,0.087,340296.0,28414716,409939.0,34229906,8,8,1,time_and_material,0.583,2,0.105,at_risk
DELTA-0002,Telecom,15,0.537,0.09,0.373,1448185.0,120923447,1660192.0,138626032,15,17,2,time_and_material,0.553,1,0.076,on_track
DELTA-0003,Manufacturing,58,0.354,0.529,0.117,213562.0,17832427,301347.0,25162474,11,13,3,time_and_material,0.576,4,0.085,at_risk
DELTA-0004,Energy,18,0.335,0.476,0.189,50000.0,4175000,60717.0,5069869,11,13,3,time_and_material,0.587,1,0.078,at_risk
DELTA-0005,Retail,11,0.6,0.156,0.244,605100.0,50525850,834650.0,69693275,13,16,6,outcome_based,0.62,1,0.129,failed
DELTA-0006,EdTech,45,0.546,0.094,0.36,122230.0,10206205,145836.0,12177306,13,14,1,outcome_based,0.567,2,0.127,on_track
DELTA-0007,Manufacturing,30,0.497,0.442,0.061,96631.0,8068688,127633.0,10657355,11,12,3,time_and_material,0.601,2,0.126,at_risk
DELTA-0008,Manufacturing,44,0.348,0.511,0.141,138884.0,11596814,181789.0,15179381,8,9,3,time_and_material,0.632,3,0.057,at_risk
DELTA-0009,Energy,13,0.504,0.171,0.325,132988.0,11104498,191010.0,15949335,8,10,1,time_and_material,0.614,3,0.089,failed
DELTA-0010,Healthcare,26,0.19,0.477,0.333,344911.0,28800068,410875.0,34308062,11,11,0,time_and_material,0.605,1,0.058,on_track
DELTA-0011,Retail,6,0.233,0.504,0.263,50000.0,4175000,55909.0,4668401,10,10,1,fixed_bid,0.597,0,0.071,on_track
DELTA-0012,Energy,23,0.36,0.219,0.421,75361.0,6292643,104475.0,8723662,15,18,3,fixed_bid,0.581,4,0.109,failed
DELTA-0013,Retail,13,0.6,0.245,0.155,270720.0,22605120,325229.0,27156621,15,17,2,outcome_based,0.545,1,0.112,at_risk
DELTA-0014,Retail,6,0.6,0.237,0.163,348240.0,29078040,426846.0,35641641,8,9,3,fixed_bid,0.587,0,0.079,at_risk
DELTA-0015,EdTech,27,0.582,0.368,0.05,354118.0,29568853,507806.0,42401801,9,11,1,time_and_material,0.66,5,0.089,failed
DELTA-0016,Manufacturing,5,0.168,0.479,0.353,97896.0,8174316,105458.0,8805743,11,11,1,fixed_bid,0.585,0,0.129,on_track
DELTA-0017,Telecom,5,0.284,0.216,0.5,82418.0,6881903,87402.0,7298067,13,11,2,time_and_material,0.538,0,0.116,on_track
DELTA-0018,EdTech,18,0.6,0.199,0.201,125998.0,10520833,158336.0,13221056,13,15,3,time_and_material,0.638,1,0.058,at_risk
DELTA-0019,EdTech,20,0.436,0.311,0.253,246689.0,20598531,372032.0,31064672,9,11,3,outcome_based,0.61,3,0.122,failed
DELTA-0020,Retail,26,0.6,0.284,0.116,756857.0,63197559,997951.0,83328908,8,8,2,fixed_bid,0.603,1,0.044,at_risk
DELTA-0021,Government,23,0.22,0.543,0.237,50000.0,4175000,56001.0,4676083,8,8,2,time_and_material,0.605,1,0.01,on_track
DELTA-0022,Manufacturing,36,0.303,0.594,0.103,162973.0,13608245,186212.0,15548702,10,10,2,time_and_material,0.534,1,0.107,on_track
DELTA-0023,Healthcare,22,0.571,0.152,0.277,59909.0,5002401,80341.0,6708473,9,10,3,time_and_material,0.601,3,0.174,failed
DELTA-0024,EdTech,13,0.5,0.098,0.402,50000.0,4175000,66611.0,5562018,8,10,3,fixed_bid,0.63,1,0.108,at_risk
DELTA-0025,Telecom,14,0.317,0.417,0.266,474615.0,39630352,587706.0,49073451,11,12,4,fixed_bid,0.552,1,0.156,at_risk
DELTA-0026,Government,12,0.274,0.287,0.439,324539.0,27099006,342428.0,28592738,13,13,2,outcome_based,0.521,0,0.085,on_track
DELTA-0027,Government,17,0.361,0.443,0.196,297893.0,24874065,384590.0,32113265,8,9,5,fixed_bid,0.599,1,0.118,failed
DELTA-0028,Healthcare,7,0.445,0.199,0.356,455396.0,38025566,596923.0,49843070,16,18,5,time_and_material,0.571,1,0.094,at_risk
DELTA-0029,EdTech,18,0.207,0.649,0.144,129088.0,10778848,149449.0,12478991,8,9,4,time_and_material,0.523,1,0.156,on_track
DELTA-0030,Telecom,14,0.471,0.209,0.32,134675.0,11245362,174246.0,14549541,14,17,1,fixed_bid,0.608,2,0.057,failed
DELTA-0031,Manufacturing,17,0.133,0.511,0.356,1421406.0,118687401,1823018.0,152222003,15,18,5,outcome_based,0.591,1,0.095,at_risk
DELTA-0032,BFSI,17,0.453,0.216,0.331,159226.0,13295371,195567.0,16329844,8,9,2,fixed_bid,0.516,2,0.105,on_track
DELTA-0033,Telecom,5,0.281,0.368,0.351,385238.0,32167373,440431.0,36775988,8,8,3,time_and_material,0.655,0,0.094,on_track
DELTA-0034,Healthcare,8,0.472,0.088,0.44,199934.0,16694489,238621.0,19924853,8,8,2,outcome_based,0.606,0,0.068,at_risk
DELTA-0035,Government,13,0.403,0.247,0.35,50000.0,4175000,73306.0,6121051,8,10,7,time_and_material,0.509,3,0.173,failed
DELTA-0036,Manufacturing,14,0.539,0.128,0.333,50000.0,4175000,71662.0,5983777,8,10,4,outcome_based,0.608,4,0.137,failed
DELTA-0037,Telecom,17,0.19,0.534,0.276,118055.0,9857592,142731.0,11918038,10,11,2,time_and_material,0.603,1,0.052,at_risk
DELTA-0038,BFSI,17,0.322,0.213,0.465,514263.0,42940960,660601.0,55160183,10,11,3,outcome_based,0.664,1,0.036,at_risk
DELTA-0039,BFSI,36,0.422,0.099,0.479,404118.0,33743853,539844.0,45076974,10,11,4,outcome_based,0.548,1,0.126,at_risk
DELTA-0040,Retail,17,0.444,0.096,0.46,452557.0,37788509,664348.0,55473058,8,10,5,time_and_material,0.616,3,0.132,failed
DELTA-0041,Retail,12,0.247,0.58,0.173,81769.0,6827711,94695.0,7907032,10,10,3,time_and_material,0.562,1,0.066,on_track
DELTA-0042,Energy,5,0.179,0.321,0.5,851100.0,71066850,984342.0,82192557,13,15,2,fixed_bid,0.552,0,0.103,at_risk
DELTA-0043,Healthcare,6,0.177,0.323,0.5,83416.0,6965236,83615.0,6981852,16,17,1,fixed_bid,0.541,0,0.033,on_track
DELTA-0044,EdTech,20,0.462,0.276,0.262,240756.0,20103126,313179.0,26150446,8,9,2,outcome_based,0.496,3,0.133,at_risk
DELTA-0045,Telecom,28,0.434,0.361,0.205,196945.0,16444907,259776.0,21691296,8,9,3,outcome_based,0.598,2,0.112,at_risk
DELTA-0046,Telecom,37,0.484,0.374,0.142,169993.0,14194415,208184.0,17383364,11,12,3,time_and_material,0.561,2,0.145,at_risk
DELTA-0047,EdTech,9,0.295,0.306,0.399,663134.0,55371689,767417.0,64079319,14,15,6,time_and_material,0.469,0,0.098,on_track
DELTA-0048,Energy,12,0.281,0.658,0.061,105387.0,8799814,111916.0,9344986,8,8,0,fixed_bid,0.584,0,0.051,on_track
DELTA-0049,Government,17,0.461,0.09,0.449,59003.0,4926750,79945.0,6675407,8,9,2,fixed_bid,0.617,2,0.098,failed
DELTA-0050,Government,50,0.4,0.1,0.5,202398.0,16900233,322206.0,26904201,16,22,3,fixed_bid,0.538,9,0.175,failed
DELTA-0051,Energy,15,0.56,0.093,0.347,138712.0,11582452,184683.0,15421030,15,18,4,outcome_based,0.544,2,0.112,failed
DELTA-0052,Government,37,0.355,0.507,0.138,4154258.0,346880543,5167858.0,431516143,24,29,3,outcome_based,0.59,3,0.11,at_risk
DELTA-0053,Retail,16,0.435,0.094,0.471,365439.0,30514156,451548.0,37704258,8,9,2,time_and_material,0.478,2,0.117,at_risk
DELTA-0054,Telecom,29,0.224,0.724,0.052,137529.0,11483671,164910.0,13769985,16,18,1,fixed_bid,0.555,2,0.128,at_risk
DELTA-0055,Energy,27,0.352,0.482,0.166,76841.0,6416223,97028.0,8101838,8,9,4,time_and_material,0.591,1,0.093,at_risk
DELTA-0056,Telecom,16,0.6,0.137,0.263,50000.0,4175000,69893.0,5836065,8,11,1,time_and_material,0.549,4,0.155,failed
DELTA-0057,EdTech,8,0.309,0.456,0.235,79007.0,6597084,84850.0,7084975,8,7,2,time_and_material,0.534,0,0.116,on_track
DELTA-0058,BFSI,12,0.336,0.164,0.5,220454.0,18407909,232539.0,19417006,8,8,1,time_and_material,0.53,0,0.016,on_track
DELTA-0059,Retail,36,0.456,0.391,0.153,718266.0,59975211,1090959.0,91095076,8,10,4,time_and_material,0.507,6,0.16,failed
DELTA-0060,Manufacturing,25,0.173,0.672,0.155,545533.0,45552005,611073.0,51024595,16,17,1,time_and_material,0.549,1,0.01,on_track
DELTA-0061,Retail,11,0.335,0.192,0.473,244308.0,20399718,307137.0,25645939,8,8,2,fixed_bid,0.629,1,0.08,at_risk
DELTA-0062,Energy,12,0.6,0.226,0.174,148620.0,12409770,224906.0,18779651,9,12,4,fixed_bid,0.673,2,0.17,failed
DELTA-0063,Manufacturing,5,0.14,0.46,0.4,253199.0,21142116,298589.0,24932181,13,13,3,fixed_bid,0.573,0,0.068,on_track
DELTA-0064,BFSI,35,0.261,0.407,0.332,124645.0,10407857,159949.0,13355741,8,9,6,time_and_material,0.605,0,0.177,at_risk
DELTA-0065,Energy,25,0.545,0.091,0.364,933342.0,77934057,1243301.0,103815633,9,10,4,time_and_material,0.535,2,0.183,at_risk
DELTA-0066,Healthcare,13,0.1,0.685,0.215,167665.0,14000027,163105.0,13619267,14,13,0,fixed_bid,0.494,0,0.12,on_track
DELTA-0067,Telecom,16,0.6,0.165,0.235,183927.0,15357904,230161.0,19218443,11,12,1,time_and_material,0.663,1,0.076,at_risk
DELTA-0068,BFSI,5,0.6,0.145,0.255,50000.0,4175000,68949.0,5757241,8,10,1,time_and_material,0.552,1,0.139,at_risk
DELTA-0069,Telecom,11,0.33,0.233,0.437,166726.0,13921621,169676.0,14167946,14,15,2,time_and_material,0.604,0,0.084,on_track
DELTA-0070,Government,33,0.58,0.118,0.302,422031.0,35239588,525163.0,43851110,16,19,0,time_and_material,0.6,3,0.116,at_risk
DELTA-0071,Healthcare,26,0.539,0.143,0.318,76042.0,6349507,101034.0,8436339,9,11,5,time_and_material,0.618,2,0.198,failed
DELTA-0072,Healthcare,18,0.419,0.471,0.11,101149.0,8445941,135945.0,11351407,8,10,5,outcome_based,0.617,1,0.06,failed
DELTA-0073,BFSI,14,0.557,0.174,0.269,405728.0,33878288,618025.0,51605087,8,11,7,outcome_based,0.584,2,0.123,failed
DELTA-0074,Healthcare,23,0.6,0.139,0.261,52628.0,4394438,63064.0,5265844,9,10,2,outcome_based,0.595,1,0.125,at_risk
DELTA-0075,Manufacturing,12,0.171,0.598,0.231,515050.0,43006675,626956.0,52350826,10,12,3,outcome_based,0.627,2,0.071,at_risk
DELTA-0076,Healthcare,5,0.187,0.538,0.275,123139.0,10282106,154482.0,12899247,13,15,2,fixed_bid,0.559,1,0.135,at_risk
DELTA-0077,Telecom,14,0.365,0.276,0.359,140124.0,11700354,173834.0,14515139,8,10,5,time_and_material,0.679,0,0.063,at_risk
DELTA-0078,Telecom,18,0.581,0.302,0.117,72294.0,6036549,80162.0,6693527,8,8,4,time_and_material,0.563,0,0.097,on_track
DELTA-0079,Energy,29,0.265,0.566,0.169,279355.0,23326142,357532.0,29853922,10,11,5,time_and_material,0.587,2,0.132,at_risk
DELTA-0080,Telecom,6,0.382,0.387,0.231,1819158.0,151899693,2525922.0,210914487,18,24,3,outcome_based,0.603,1,0.139,failed
DELTA-0081,Energy,13,0.344,0.431,0.225,401654.0,33538109,470508.0,39287418,8,9,4,outcome_based,0.511,0,0.071,on_track
DELTA-0082,Telecom,14,0.139,0.752,0.109,91321.0,7625303,120292.0,10044382,8,10,1,outcome_based,0.627,2,0.089,failed
DELTA-0083,Manufacturing,7,0.581,0.196,0.223,552417.0,46126819,656857.0,54847559,11,12,3,fixed_bid,0.593,0,0.076,at_risk
DELTA-0084,EdTech,19,0.413,0.241,0.346,149490.0,12482415,194725.0,16259537,8,10,0,time_and_material,0.717,3,0.133,failed
DELTA-0085,Energy,23,0.6,0.255,0.145,684905.0,57189567,809872.0,67624312,15,16,2,fixed_bid,0.659,0,0.051,at_risk
DELTA-0086,Retail,12,0.205,0.295,0.5,410860.0,34306810,427858.0,35726143,10,9,1,fixed_bid,0.591,0,0.125,on_track
DELTA-0087,Government,51,0.48,0.468,0.052,50000.0,4175000,63542.0,5305757,8,9,6,time_and_material,0.643,1,0.13,at_risk
DELTA-0088,BFSI,12,0.251,0.336,0.413,80525.0,6723837,88251.0,7368958,14,14,2,fixed_bid,0.611,0,0.049,on_track
DELTA-0089,Telecom,11,0.37,0.501,0.129,465071.0,38833428,594564.0,49646094,8,10,3,time_and_material,0.59,1,0.099,at_risk
DELTA-0090,Healthcare,11,0.513,0.085,0.402,227861.0,19026393,261811.0,21861218,11,12,3,outcome_based,0.511,0,0.031,on_track
DELTA-0091,EdTech,9,0.443,0.295,0.262,79111.0,6605768,76646.0,6399941,8,8,0,time_and_material,0.535,0,0.067,on_track
DELTA-0092,Telecom,10,0.455,0.156,0.389,112394.0,9384899,129034.0,10774339,8,9,0,fixed_bid,0.616,0,0.205,on_track
DELTA-0093,Healthcare,6,0.344,0.33,0.326,50000.0,4175000,56713.0,4735535,8,9,1,time_and_material,0.551,0,0.112,on_track
DELTA-0094,Government,13,0.445,0.221,0.334,183590.0,15329765,225097.0,18795599,12,13,0,outcome_based,0.58,2,0.093,at_risk
DELTA-0095,Government,15,0.368,0.492,0.14,1453697.0,121383699,1947841.0,162644723,17,19,3,time_and_material,0.626,1,0.066,at_risk
DELTA-0096,Government,5,0.419,0.097,0.484,410216.0,34253036,542479.0,45296996,10,12,3,outcome_based,0.616,1,0.025,failed
DELTA-0097,Healthcare,13,0.248,0.606,0.146,1427414.0,119189069,1684739.0,140675706,12,14,3,fixed_bid,0.547,1,0.057,at_risk
DELTA-0098,Telecom,15,0.491,0.085,0.424,439836.0,36726306,580607.0,48480684,9,11,1,time_and_material,0.62,3,0.124,failed
DELTA-0099,Government,20,0.503,0.327,0.17,501185.0,41848947,636812.0,53173802,8,9,3,outcome_based,0.539,2,0.064,at_risk
DELTA-0100,Manufacturing,30,0.211,0.644,0.145,1174873.0,98101895,1570649.0,131149191,17,20,5,fixed_bid,0.534,3,0.109,failed
DELTA-0101,Energy,24,0.333,0.44,0.227,279159.0,23309776,338131.0,28233938,8,8,1,outcome_based,0.6,1,0.049,on_track
DELTA-0102,Healthcare,10,0.6,0.102,0.298,167962.0,14024827,212089.0,17709431,15,18,0,time_and_material,0.545,2,0.017,at_risk
DELTA-0103,Healthcare,9,0.355,0.444,0.201,503526.0,42044421,568248.0,47448708,8,8,2,fixed_bid,0.552,0,0.184,on_track
DELTA-0104,Telecom,21,0.436,0.139,0.425,735610.0,61423435,959314.0,80102719,8,9,1,outcome_based,0.611,2,0.107,at_risk
DELTA-0105,Healthcare,10,0.561,0.236,0.203,129059.0,10776426,144333.0,12051805,16,16,2,fixed_bid,0.602,0,0.078,on_track
DELTA-0106,Healthcare,7,0.436,0.151,0.413,103838.0,8670473,112101.0,9360433,8,8,2,time_and_material,0.563,0,0.088,on_track
DELTA-0107,Government,61,0.5,0.083,0.417,225250.0,18808375,295777.0,24697379,8,10,1,time_and_material,0.511,7,0.229,at_risk
DELTA-0108,Telecom,12,0.389,0.275,0.336,420142.0,35081857,474581.0,39627513,11,12,2,outcome_based,0.564,1,0.126,at_risk
DELTA-0109,Government,10,0.47,0.25,0.28,407697.0,34042699,555392.0,46375232,8,10,4,outcome_based,0.671,1,0.04,failed
DELTA-0110,Energy,5,0.395,0.351,0.254,55174.0,4607029,77238.0,6449373,8,9,3,fixed_bid,0.626,1,0.066,failed
DELTA-0111,EdTech,24,0.487,0.191,0.322,1110638.0,92738273,1495620.0,124884270,10,12,2,fixed_bid,0.632,1,0.133,at_risk
DELTA-0112,Energy,8,0.275,0.484,0.241,111630.0,9321105,141349.0,11802641,22,26,0,fixed_bid,0.593,2,0.061,failed
DELTA-0113,EdTech,15,0.195,0.518,0.287,156598.0,13075933,205168.0,17131528,8,9,1,outcome_based,0.561,3,0.125,at_risk
DELTA-0114,Government,26,0.511,0.085,0.404,88221.0,7366453,125611.0,10488518,8,10,6,outcome_based,0.609,3,0.075,failed
DELTA-0115,Energy,8,0.532,0.089,0.379,2254628.0,188261438,2834191.0,236654948,31,33,3,time_and_material,0.625,0,0.08,at_risk
DELTA-0116,Telecom,15,0.214,0.71,0.076,247177.0,20639279,300700.0,25108450,12,14,4,fixed_bid,0.552,1,0.147,at_risk
DELTA-0117,BFSI,37,0.152,0.348,0.5,92422.0,7717237,116579.0,9734346,8,10,0,time_and_material,0.546,5,0.077,at_risk
DELTA-0118,Government,5,0.107,0.577,0.316,432583.0,36120680,527597.0,44054349,8,8,6,outcome_based,0.515,0,0.075,on_track
DELTA-0119,EdTech,9,0.341,0.17,0.489,397210.0,33167035,496424.0,41451404,13,15,3,outcome_based,0.572,1,0.107,at_risk
DELTA-0120,Manufacturing,8,0.416,0.385,0.199,167886.0,14018481,229883.0,19195230,8,9,2,time_and_material,0.601,2,0.083,failed
DELTA-0121,EdTech,13,0.353,0.374,0.273,423600.0,35370600,529469.0,44210661,8,8,4,fixed_bid,0.569,0,0.093,on_track
DELTA-0122,Manufacturing,14,0.558,0.25,0.192,94583.0,7897680,128806.0,10755301,17,20,5,fixed_bid,0.61,1,0.082,at_risk
DELTA-0123,Healthcare,7,0.442,0.093,0.465,127564.0,10651594,159835.0,13346222,8,9,2,time_and_material,0.651,0,0.068,at_risk
DELTA-0124,Energy,10,0.5,0.083,0.417,50000.0,4175000,54638.0,4562273,15,16,1,outcome_based,0.578,0,0.1,on_track
DELTA-0125,Manufacturing,9,0.499,0.371,0.13,60381.0,5041813,68509.0,5720501,14,15,2,fixed_bid,0.581,0,0.056,on_track
DELTA-0126,EdTech,12,0.538,0.298,0.164,1011421.0,84453653,1464889.0,122318231,9,12,6,fixed_bid,0.592,2,0.207,failed
DELTA-0127,Healthcare,16,0.551,0.092,0.357,870902.0,72720317,1056242.0,88196207,18,23,1,outcome_based,0.55,1,0.036,at_risk
DELTA-0128,BFSI,25,0.591,0.141,0.268,210914.0,17611319,266346.0,22239891,8,10,4,time_and_material,0.55,2,0.123,at_risk
DELTA-0129,Telecom,28,0.323,0.612,0.065,887921.0,74141403,1197210.0,99967035,8,9,4,fixed_bid,0.549,4,0.146,at_risk
DELTA-0130,Telecom,22,0.382,0.49,0.128,172117.0,14371769,196907.0,16441734,8,8,1,outcome_based,0.537,1,0.097,on_track
DELTA-0131,Telecom,8,0.6,0.202,0.198,159680.0,13333280,214163.0,17882610,10,12,1,outcome_based,0.613,1,0.065,failed
DELTA-0132,Manufacturing,14,0.225,0.427,0.348,209161.0,17464943,221078.0,18460013,8,9,1,outcome_based,0.552,1,0.064,on_track
DELTA-0133,BFSI,61,0.228,0.46,0.312,177649.0,14833691,257638.0,21512773,8,10,2,time_and_material,0.637,5,0.123,failed
DELTA-0134,Manufacturing,27,0.413,0.101,0.486,163787.0,13676214,196754.0,16428959,14,16,4,fixed_bid,0.595,1,0.177,at_risk
DELTA-0135,Energy,11,0.455,0.389,0.156,556297.0,46450799,616666.0,51491611,12,12,4,time_and_material,0.582,0,0.109,on_track
DELTA-0136,Manufacturing,38,0.569,0.25,0.181,227549.0,19000341,279793.0,23362715,8,9,3,time_and_material,0.618,2,0.101,on_track
DELTA-0137,BFSI,11,0.6,0.194,0.206,377465.0,31518327,452595.0,37791682,13,14,5,time_and_material,0.565,1,0.085,on_track
DELTA-0138,BFSI,9,0.279,0.44,0.281,502948.0,41996158,612827.0,51171054,12,13,5,outcome_based,0.546,0,0.077,on_track
DELTA-0139,Energy,34,0.153,0.79,0.057,281916.0,23539986,380374.0,31761229,8,10,2,outcome_based,0.608,3,0.171,failed
DELTA-0140,BFSI,6,0.554,0.231,0.215,83013.0,6931585,89539.0,7476506,10,9,1,time_and_material,0.486,0,0.01,on_track
DELTA-0141,EdTech,5,0.571,0.203,0.226,58830.0,4912305,62308.0,5202718,10,11,0,time_and_material,0.582,0,0.033,on_track
DELTA-0142,BFSI,26,0.479,0.456,0.065,227271.0,18977128,267905.0,22370067,9,10,2,fixed_bid,0.6,1,0.148,at_risk
DELTA-0143,Telecom,15,0.328,0.277,0.395,170394.0,14227899,192847.0,16102724,13,13,2,fixed_bid,0.628,0,0.068,on_track
DELTA-0144,EdTech,16,0.348,0.313,0.339,215055.0,17957092,277320.0,23156220,8,10,2,outcome_based,0.65,1,0.125,failed
DELTA-0145,EdTech,11,0.201,0.39,0.409,195937.0,16360739,284049.0,23718091,10,12,7,time_and_material,0.565,2,0.128,failed
DELTA-0146,Energy,12,0.1,0.545,0.355,2033392.0,169788232,2939602.0,245456767,14,19,4,outcome_based,0.622,2,0.222,failed
DELTA-0147,Retail,11,0.187,0.313,0.5,60041.0,5013423,83866.0,7002811,10,13,3,time_and_material,0.557,3,0.176,failed
DELTA-0148,Retail,10,0.513,0.359,0.128,50000.0,4175000,62209.0,5194451,17,20,3,time_and_material,0.559,1,0.155,at_risk
DELTA-0149,BFSI,11,0.196,0.304,0.5,268106.0,22386851,331773.0,27703045,8,8,1,time_and_material,0.631,1,0.062,at_risk
DELTA-0150,EdTech,11,0.108,0.758,0.134,141664.0,11828944,156566.0,13073261,8,8,2,time_and_material,0.573,1,0.085,on_track
DELTA-0151,Retail,9,0.409,0.143,0.448,264199.0,22060616,294545.0,24594507,8,8,2,outcome_based,0.628,0,0.108,on_track
DELTA-0152,Retail,10,0.372,0.437,0.191,336211.0,28073618,388825.0,32466887,10,10,5,time_and_material,0.53,0,0.16,on_track
DELTA-0153,BFSI,5,0.29,0.299,0.411,631399.0,52721816,738867.0,61695394,8,8,3,time_and_material,0.596,0,0.076,on_track
DELTA-0154,Retail,22,0.158,0.492,0.35,51200.0,4275200,64595.0,5393682,10,11,3,time_and_material,0.612,2,0.142,at_risk
DELTA-0155,Manufacturing,18,0.222,0.706,0.072,120445.0,10057157,154726.0,12919621,12,13,2,outcome_based,0.626,1,0.088,at_risk
DELTA-0156,Healthcare,14,0.6,0.18,0.22,292402.0,24415567,358786.0,29958631,12,13,4,time_and_material,0.537,1,0.018,on_track
DELTA-0157,Energy,17,0.332,0.352,0.316,397685.0,33206697,425885.0,35561397,8,9,0,fixed_bid,0.62,0,0.038,on_track
DELTA-0158,Healthcare,17,0.485,0.096,0.419,1431315.0,119514802,1777978.0,148461163,22,24,1,fixed_bid,0.531,2,0.085,on_track
DELTA-0159,BFSI,9,0.204,0.54,0.256,469833.0,39231055,573702.0,47904117,15,16,4,time_and_material,0.574,0,0.122,at_risk
DELTA-0160,Telecom,10,0.472,0.088,0.44,188884.0,15771814,261302.0,21818717,13,16,2,outcome_based,0.507,3,0.152,failed
DELTA-0161,Energy,20,0.197,0.713,0.09,89197.0,7447949,90332.0,7542722,10,10,3,time_and_material,0.584,0,0.143,on_track
DELTA-0162,BFSI,16,0.273,0.588,0.139,119627.0,9988854,135908.0,11348318,9,9,3,fixed_bid,0.544,1,0.031,on_track
DELTA-0163,EdTech,50,0.336,0.164,0.5,116607.0,9736684,172698.0,14420283,13,15,6,time_and_material,0.566,5,0.172,failed
DELTA-0164,Telecom,39,0.429,0.463,0.108,358509.0,29935501,462558.0,38623593,19,22,1,outcome_based,0.583,3,0.166,at_risk
DELTA-0165,Healthcare,26,0.301,0.631,0.068,250520.0,20918420,304410.0,25418235,8,8,3,time_and_material,0.61,1,0.121,on_track
DELTA-0166,BFSI,9,0.236,0.496,0.268,60398.0,5043233,74293.0,6203465,13,16,2,fixed_bid,0.603,1,0.133,at_risk
DELTA-0167,EdTech,10,0.242,0.402,0.356,134280.0,11212380,135109.0,11281601,8,7,1,time_and_material,0.481,0,0.031,on_track
DELTA-0168,Energy,8,0.586,0.099,0.315,437920.0,36566320,504834.0,42153639,10,9,3,time_and_material,0.599,0,0.049,on_track
DELTA-0169,Energy,17,0.238,0.262,0.5,272800.0,22778800,310265.0,25907127,8,8,2,fixed_bid,0.591,0,0.094,on_track
DELTA-0170,Government,5,0.407,0.208,0.385,331631.0,27691188,338775.0,28287712,8,8,0,outcome_based,0.549,0,0.075,on_track
DELTA-0171,EdTech,11,0.301,0.572,0.127,280584.0,23428764,301140.0,25145190,8,8,0,time_and_material,0.547,2,0.056,on_track
DELTA-0172,Manufacturing,12,0.407,0.21,0.383,859226.0,71745371,1123919.0,93847236,11,13,4,time_and_material,0.579,1,0.207,at_risk
DELTA-0173,Retail,5,0.324,0.546,0.13,245840.0,20527640,284357.0,23743809,8,9,3,time_and_material,0.585,0,0.06,on_track
DELTA-0174,Telecom,24,0.6,0.238,0.162,140446.0,11727241,184251.0,15384958,8,9,2,time_and_material,0.587,1,0.069,at_risk
DELTA-0175,EdTech,7,0.284,0.527,0.189,87187.0,7280114,95238.0,7952373,8,7,0,outcome_based,0.566,0,0.044,on_track
DELTA-0176,Government,17,0.539,0.197,0.264,248860.0,20779810,329375.0,27502812,9,10,2,outcome_based,0.473,3,0.081,at_risk
DELTA-0177,Retail,79,0.505,0.247,0.248,50000.0,4175000,60546.0,5055591,8,9,0,fixed_bid,0.562,2,0.186,on_track
DELTA-0178,Retail,5,0.556,0.114,0.33,168407.0,14061984,233962.0,19535827,8,10,7,fixed_bid,0.524,1,0.204,failed
DELTA-0179,BFSI,13,0.6,0.148,0.252,165172.0,13791862,214409.0,17903151,10,12,3,time_and_material,0.67,1,0.084,failed
DELTA-0180,Retail,11,0.303,0.461,0.236,58219.0,4861286,74784.0,6244464,8,9,1,fixed_bid,0.587,1,0.121,at_risk
DELTA-0181,Manufacturing,10,0.534,0.098,0.368,86211.0,7198618,96408.0,8050068,13,13,3,time_and_material,0.602,0,0.044,on_track
DELTA-0182,Energy,23,0.589,0.098,0.313,411964.0,34398994,510026.0,42587171,11,12,5,time_and_material,0.608,1,0.048,at_risk
DELTA-0183,Government,28,0.479,0.087,0.434,244663.0,20429360,329410.0,27505735,12,14,5,time_and_material,0.593,4,0.101,failed
DELTA-0184,Retail,23,0.246,0.254,0.5,217860.0,18191310,277689.0,23187031,16,18,3,time_and_material,0.567,3,0.186,at_risk
DELTA-0185,BFSI,9,0.6,0.301,0.099,261898.0,21868483,314975.0,26300412,8,8,3,outcome_based,0.55,0,0.138,on_track
DELTA-0186,Manufacturing,64,0.525,0.229,0.246,216071.0,18041928,325209.0,27154951,8,10,1,time_and_material,0.491,11,0.158,on_track
DELTA-0187,Healthcare,5,0.316,0.386,0.298,608392.0,50800732,713577.0,59583679,16,16,2,fixed_bid,0.578,0,0.038,on_track
DELTA-0188,Energy,8,0.588,0.098,0.314,222145.0,18549107,261945.0,21872407,11,12,2,fixed_bid,0.587,0,0.081,on_track
DELTA-0189,Energy,16,0.241,0.621,0.138,53509.0,4468001,66051.0,5515258,8,9,5,time_and_material,0.584,1,0.141,on_track
DELTA-0190,Government,15,0.162,0.623,0.215,862091.0,71984598,1144287.0,95547964,20,25,2,fixed_bid,0.589,3,0.128,failed
DELTA-0191,Energy,19,0.437,0.194,0.369,277425.0,23164987,335876.0,28045646,8,9,2,time_and_material,0.548,3,0.052,on_track
DELTA-0192,Retail,38,0.442,0.192,0.366,116969.0,9766911,138229.0,11542121,8,9,0,time_and_material,0.559,2,0.082,on_track
DELTA-0193,BFSI,13,0.362,0.451,0.187,64340.0,5372390,76611.0,6397018,8,8,1,time_and_material,0.544,0,0.107,on_track
DELTA-0194,Energy,15,0.541,0.28,0.179,283884.0,23704314,393302.0,32840717,8,10,3,fixed_bid,0.609,2,0.066,failed
DELTA-0195,Energy,10,0.48,0.129,0.391,178893.0,14937565,192251.0,16052958,9,8,1,time_and_material,0.575,0,0.059,on_track
DELTA-0196,Healthcare,21,0.463,0.089,0.448,819731.0,68447538,1078737.0,90074539,20,26,5,fixed_bid,0.548,2,0.157,at_risk
DELTA-0197,Healthcare,12,0.151,0.458,0.391,145609.0,12158351,167529.0,13988671,10,11,2,time_and_material,0.572,0,0.072,on_track
DELTA-0198,Telecom,12,0.6,0.2,0.2,93559.0,7812176,108071.0,9023928,8,8,4,fixed_bid,0.529,0,0.148,on_track
DELTA-0199,Manufacturing,20,0.514,0.113,0.373,445172.0,37171862,552416.0,46126736,9,10,2,time_and_material,0.567,1,0.162,on_track
DELTA-0200,Retail,27,0.52,0.109,0.371,457143.0,38171440,615625.0,51404687,12,14,2,fixed_bid,0.597,3,0.117,at_risk
DELTA-0201,Energy,5,0.136,0.593,0.271,231372.0,19319562,276750.0,23108625,13,14,2,fixed_bid,0.527,1,0.046,at_risk
DELTA-0202,EdTech,18,0.529,0.088,0.383,365390.0,30510065,483697.0,40388699,13,15,5,outcome_based,0.586,2,0.071,at_risk
DELTA-0203,Energy,12,0.357,0.143,0.5,192159.0,16045276,203356.0,16980226,8,8,1,fixed_bid,0.542,0,0.095,on_track
DELTA-0204,BFSI,26,0.145,0.612,0.243,245359.0,20487476,301723.0,25193870,11,11,3,time_and_material,0.543,1,0.089,on_track
DELTA-0205,Telecom,12,0.5,0.083,0.417,567213.0,47362285,642529.0,53651171,14,15,2,fixed_bid,0.652,0,0.092,on_track
DELTA-0206,Manufacturing,32,0.309,0.191,0.5,348985.0,29140247,383491.0,32021498,8,8,2,outcome_based,0.646,1,0.017,at_risk
DELTA-0207,EdTech,9,0.514,0.086,0.4,170698.0,14253283,223157.0,18633609,9,10,4,time_and_material,0.548,1,0.056,at_risk
DELTA-0208,Telecom,5,0.517,0.365,0.118,671403.0,56062150,1035027.0,86424754,8,10,3,fixed_bid,0.568,2,0.141,failed
DELTA-0209,Government,27,0.59,0.15,0.26,50000.0,4175000,65690.0,5485115,10,11,2,outcome_based,0.494,2,0.118,at_risk
DELTA-0210,Manufacturing,8,0.4,0.1,0.5,1260307.0,105235634,1721250.0,143724375,19,23,5,time_and_material,0.521,1,0.089,at_risk
DELTA-0211,Energy,5,0.506,0.092,0.402,50000.0,4175000,57447.0,4796824,11,11,3,fixed_bid,0.534,0,0.191,on_track
DELTA-0212,Energy,15,0.344,0.384,0.272,113053.0,9439925,130179.0,10869946,8,7,2,fixed_bid,0.575,0,0.071,at_risk
DELTA-0213,Manufacturing,12,0.206,0.544,0.25,191601.0,15998683,245066.0,20463011,10,11,3,outcome_based,0.59,2,0.018,at_risk
DELTA-0214,Energy,24,0.421,0.375,0.204,174236.0,14548706,248345.0,20736807,15,18,2,outcome_based,0.588,4,0.125,failed
DELTA-0215,Retail,25,0.508,0.085,0.407,491771.0,41062878,638152.0,53285692,18,21,2,outcome_based,0.6,2,0.086,at_risk
DELTA-0216,Manufacturing,15,0.475,0.38,0.145,76722.0,6406287,80641.0,6733523,8,8,0,outcome_based,0.59,0,0.027,on_track
DELTA-0217,Telecom,8,0.341,0.606,0.053,251372.0,20989562,289783.0,24196880,10,10,3,time_and_material,0.537,1,0.126,on_track
DELTA-0218,Manufacturing,17,0.402,0.44,0.158,118138.0,9864523,126395.0,10553982,14,14,2,fixed_bid,0.589,0,0.058,on_track
DELTA-0219,EdTech,16,0.597,0.099,0.304,259270.0,21649045,366763.0,30624710,8,9,3,outcome_based,0.602,2,0.08,failed
DELTA-0220,Energy,20,0.268,0.232,0.5,187532.0,15658922,272892.0,22786482,8,10,4,outcome_based,0.585,3,0.161,failed
DELTA-0221,Retail,8,0.495,0.25,0.255,216131.0,18046938,237571.0,19837178,15,14,3,time_and_material,0.509,0,0.113,on_track
DELTA-0222,Retail,11,0.6,0.26,0.14,121184.0,10118864,181122.0,15123687,13,16,1,time_and_material,0.619,3,0.136,failed
DELTA-0223,Government,20,0.571,0.344,0.085,125610.0,10488435,178911.0,14939068,10,13,2,outcome_based,0.576,4,0.242,failed
DELTA-0224,Telecom,31,0.127,0.451,0.422,257440.0,21496240,325517.0,27180669,8,9,2,time_and_material,0.496,4,0.112,at_risk
DELTA-0225,Healthcare,26,0.201,0.652,0.147,464791.0,38810048,560976.0,46841496,10,11,1,outcome_based,0.666,1,0.096,at_risk
DELTA-0226,Healthcare,15,0.513,0.259,0.228,116023.0,9687920,140653.0,11744525,8,9,4,fixed_bid,0.576,0,0.162,at_risk
DELTA-0227,Manufacturing,11,0.5,0.131,0.369,90954.0,7594659,115507.0,9644834,9,11,2,fixed_bid,0.671,1,0.123,failed
DELTA-0228,Government,18,0.249,0.579,0.172,345281.0,28830963,417829.0,34888721,8,8,2,outcome_based,0.599,1,0.15,at_risk
DELTA-0229,BFSI,7,0.22,0.28,0.5,193058.0,16120343,224091.0,18711598,8,8,2,outcome_based,0.574,0,0.045,on_track
DELTA-0230,Manufacturing,9,0.515,0.086,0.399,419764.0,35050294,463229.0,38679621,8,8,1,fixed_bid,0.581,0,0.089,on_track
DELTA-0231,Government,36,0.6,0.188,0.212,87972.0,7345662,120226.0,10038871,14,17,2,outcome_based,0.55,4,0.077,at_risk
DELTA-0232,Telecom,18,0.466,0.089,0.445,50000.0,4175000,56250.0,4696875,8,8,3,outcome_based,0.582,0,0.075,on_track
DELTA-0233,Telecom,12,0.359,0.373,0.268,123043.0,10274090,164554.0,13740259,9,10,2,fixed_bid,0.657,1,0.116,at_risk
DELTA-0234,Telecom,24,0.6,0.34,0.06,99736.0,8327956,111008.0,9269168,8,8,1,fixed_bid,0.552,0,0.053,on_track
DELTA-0235,Telecom,32,0.458,0.314,0.228,185181.0,15462613,257373.0,21490645,8,9,0,time_and_material,0.609,4,0.18,failed
DELTA-0236,Telecom,11,0.393,0.362,0.245,112065.0,9357427,137375.0,11470812,8,9,3,outcome_based,0.56,1,0.068,on_track
DELTA-0237,Government,11,0.506,0.149,0.345,387284.0,32338214,457840.0,38229640,8,8,3,time_and_material,0.58,0,0.146,on_track
DELTA-0238,Government,10,0.347,0.226,0.427,153378.0,12807063,200365.0,16730477,8,9,3,time_and_material,0.656,2,0.123,at_risk
DELTA-0239,Retail,26,0.353,0.394,0.253,227618.0,19006103,252273.0,21064795,11,13,2,outcome_based,0.596,0,0.049,on_track
DELTA-0240,EdTech,26,0.427,0.382,0.191,229090.0,19129015,324417.0,27088819,8,9,5,fixed_bid,0.618,2,0.075,failed
DELTA-0241,Healthcare,34,0.453,0.177,0.37,236915.0,19782402,340608.0,28440768,18,23,4,outcome_based,0.58,5,0.128,failed
DELTA-0242,Energy,27,0.145,0.776,0.079,194518.0,16242253,283838.0,23700473,14,18,5,time_and_material,0.681,4,0.169,failed
DELTA-0243,Telecom,5,0.469,0.089,0.442,314752.0,26281792,315618.0,26354103,13,14,0,outcome_based,0.539,0,0.125,on_track
DELTA-0244,BFSI,17,0.253,0.298,0.449,97140.0,8111190,137147.0,11451774,8,9,4,fixed_bid,0.508,3,0.142,at_risk
DELTA-0245,Energy,7,0.383,0.271,0.346,700448.0,58487408,979824.0,81815304,20,25,1,fixed_bid,0.649,2,0.103,failed
DELTA-0246,Government,10,0.547,0.294,0.159,160671.0,13416028,195055.0,16287092,8,7,4,time_and_material,0.559,0,0.069,on_track
DELTA-0247,BFSI,16,0.6,0.182,0.218,61059.0,5098426,84165.0,7027777,8,9,5,outcome_based,0.589,1,0.126,failed
DELTA-0248,BFSI,24,0.201,0.305,0.494,235452.0,19660242,279752.0,23359292,10,10,0,time_and_material,0.67,0,0.039,on_track
DELTA-0249,BFSI,8,0.465,0.429,0.106,92405.0,7715817,124540.0,10399090,11,13,1,outcome_based,0.602,1,0.101,failed
DELTA-0250,Retail,5,0.411,0.209,0.38,361783.0,30208880,489971.0,40912578,13,14,5,time_and_material,0.675,0,0.109,at_risk
DELTA-0251,Government,16,0.512,0.373,0.115,1452279.0,121265296,2259176.0,188641196,15,19,8,outcome_based,0.585,2,0.204,failed
DELTA-0252,BFSI,72,0.582,0.097,0.321,97937.0,8177739,146347.0,12219974,8,10,2,outcome_based,0.56,6,0.167,failed
DELTA-0253,Telecom,13,0.523,0.202,0.275,268105.0,22386767,321241.0,26823623,12,14,3,time_and_material,0.49,1,0.061,on_track
DELTA-0254,Manufacturing,15,0.494,0.095,0.411,50000.0,4175000,62162.0,5190527,11,11,2,time_and_material,0.591,0,0.096,on_track
DELTA-0255,BFSI,43,0.1,0.4,0.5,299094.0,24974349,352092.0,29399682,8,8,3,fixed_bid,0.513,1,0.124,on_track
DELTA-0256,Retail,21,0.244,0.463,0.293,89577.0,7479679,106987.0,8933414,8,8,2,fixed_bid,0.585,0,0.115,on_track
DELTA-0257,Energy,16,0.339,0.464,0.197,113283.0,9459130,128796.0,10754466,8,8,4,time_and_material,0.657,0,0.108,at_risk
DELTA-0258,Government,19,0.43,0.444,0.126,73779.0,6160546,88788.0,7413798,11,12,2,time_and_material,0.574,1,0.114,on_track
DELTA-0259,EdTech,17,0.247,0.404,0.349,384206.0,32081201,500487.0,41790664,19,23,1,outcome_based,0.585,3,0.096,failed
DELTA-0260,Retail,7,0.238,0.287,0.475,492167.0,41095944,647566.0,54071761,8,9,3,time_and_material,0.608,1,0.088,at_risk
DELTA-0261,BFSI,6,0.426,0.096,0.478,203017.0,16951919,225511.0,18830168,8,8,3,time_and_material,0.605,0,0.101,on_track
DELTA-0262,Government,46,0.385,0.216,0.399,91310.0,7624385,136734.0,11417289,8,9,5,outcome_based,0.626,4,0.115,failed
DELTA-0263,Manufacturing,16,0.4,0.533,0.067,831154.0,69401359,1084610.0,90564935,20,22,5,time_and_material,0.63,1,0.189,failed
DELTA-0264,BFSI,15,0.101,0.635,0.264,101177.0,8448279,124964.0,10434494,8,9,4,fixed_bid,0.517,1,0.047,at_risk
DELTA-0265,Retail,14,0.375,0.24,0.385,50000.0,4175000,56641.0,4729523,8,9,0,time_and_material,0.651,1,0.105,at_risk
DELTA-0266,Healthcare,23,0.138,0.646,0.216,300303.0,25075300,384633.0,32116855,12,13,2,time_and_material,0.565,3,0.064,at_risk
DELTA-0267,Telecom,68,0.383,0.308,0.309,73548.0,6141258,92916.0,7758486,8,9,4,time_and_material,0.582,3,0.144,at_risk
DELTA-0268,EdTech,20,0.343,0.157,0.5,483955.0,40410242,524646.0,43807941,8,9,1,outcome_based,0.59,0,0.028,on_track
DELTA-0269,Energy,10,0.317,0.183,0.5,141065.0,11778927,177447.0,14816824,8,9,1,fixed_bid,0.597,1,0.139,at_risk
DELTA-0270,Retail,13,0.21,0.426,0.364,342265.0,28579127,457294.0,38184049,18,23,2,outcome_based,0.542,3,0.092,failed
DELTA-0271,Government,28,0.6,0.339,0.061,701762.0,58597127,886751.0,74043708,14,16,3,time_and_material,0.526,2,0.11,at_risk
DELTA-0272,EdTech,10,0.395,0.2,0.405,66971.0,5592078,82918.0,6923653,8,9,1,time_and_material,0.623,1,0.129,at_risk
DELTA-0273,EdTech,24,0.286,0.372,0.342,119450.0,9974075,141329.0,11800971,8,9,3,outcome_based,0.565,2,0.025,on_track
DELTA-0274,EdTech,5,0.379,0.219,0.402,185701.0,15506033,196504.0,16408084,10,10,3,time_and_material,0.586,0,0.047,on_track
DELTA-0275,BFSI,12,0.188,0.631,0.181,793172.0,66229862,1109179.0,92616446,14,16,10,time_and_material,0.601,2,0.137,failed
DELTA-0276,Telecom,21,0.445,0.209,0.346,109914.0,9177819,150852.0,12596142,9,10,2,fixed_bid,0.611,3,0.091,at_risk
DELTA-0277,BFSI,31,0.238,0.711,0.051,116418.0,9720903,158694.0,13250949,9,11,2,outcome_based,0.668,1,0.123,failed
DELTA-0278,Government,9,0.118,0.741,0.141,305689.0,25525031,345271.0,28830128,14,14,3,time_and_material,0.589,0,0.01,on_track
DELTA-0279,BFSI,6,0.218,0.509,0.273,118242.0,9873207,136862.0,11427977,8,9,9,outcome_based,0.554,0,0.155,at_risk
DELTA-0280,Healthcare,12,0.6,0.181,0.219,228039.0,19041256,285127.0,23808104,8,10,3,time_and_material,0.638,1,0.121,at_risk
DELTA-0281,Telecom,7,0.127,0.373,0.5,50000.0,4175000,62338.0,5205223,8,8,2,outcome_based,0.613,1,0.172,at_risk
DELTA-0282,Telecom,13,0.156,0.625,0.219,1458467.0,121781994,1692554.0,141328259,8,8,2,time_and_material,0.59,0,0.016,on_track
DELTA-0283,Government,14,0.1,0.7,0.2,59104.0,4935184,64897.0,5418899,18,19,1,fixed_bid,0.581,1,0.118,on_track
DELTA-0284,Energy,6,0.413,0.403,0.184,148809.0,12425551,178299.0,14887966,13,15,2,outcome_based,0.577,1,0.039,at_risk
DELTA-0285,Healthcare,24,0.179,0.467,0.354,193062.0,16120677,236885.0,19779897,8,9,2,fixed_bid,0.581,1,0.106,at_risk
DELTA-0286,Retail,13,0.1,0.4,0.5,1111720.0,92828620,1427709.0,119213701,14,17,3,fixed_bid,0.574,1,0.061,at_risk
DELTA-0287,BFSI,28,0.6,0.212,0.188,60333.0,5037805,89707.0,7490534,8,9,2,outcome_based,0.543,4,0.13,failed
DELTA-0288,Manufacturing,5,0.5,0.083,0.417,1185095.0,98955432,1449302.0,121016717,23,25,1,fixed_bid,0.582,0,0.03,failed
DELTA-0289,BFSI,8,0.543,0.091,0.366,392958.0,32811993,512452.0,42789742,8,9,2,time_and_material,0.648,1,0.082,failed
DELTA-0290,EdTech,20,0.343,0.554,0.103,289348.0,24160558,314809.0,26286551,10,10,6,time_and_material,0.544,0,0.156,on_track
DELTA-0291,BFSI,9,0.215,0.481,0.304,81947.0,6842574,101659.0,8488526,8,9,2,outcome_based,0.564,0,0.074,on_track
DELTA-0292,Retail,13,0.392,0.493,0.115,332377.0,27753479,360636.0,30113106,14,14,1,time_and_material,0.554,0,0.027,on_track
DELTA-0293,BFSI,14,0.284,0.216,0.5,103659.0,8655526,124593.0,10403515,8,9,1,outcome_based,0.62,1,0.131,at_risk
DELTA-0294,Healthcare,16,0.197,0.542,0.261,621564.0,51900594,866017.0,72312419,8,10,3,time_and_material,0.606,3,0.05,at_risk
DELTA-0295,Healthcare,9,0.274,0.63,0.096,82954.0,6926659,101165.0,8447277,8,9,3,time_and_material,0.532,2,0.038,at_risk
DELTA-0296,Telecom,16,0.544,0.193,0.263,179540.0,14991590,208680.0,17424780,8,8,2,fixed_bid,0.494,2,0.038,on_track
DELTA-0297,Government,9,0.517,0.21,0.273,120602.0,10070267,141200.0,11790200,8,9,3,time_and_material,0.623,0,0.045,at_risk
DELTA-0298,Energy,22,0.551,0.094,0.355,81734.0,6824789,123344.0,10299224,15,19,3,time_and_material,0.52,5,0.119,failed
DELTA-0299,Manufacturing,13,0.563,0.094,0.343,387390.0,32347065,497017.0,41500919,8,10,4,outcome_based,0.615,1,0.103,at_risk
DELTA-0300,EdTech,16,0.141,0.359,0.5,321873.0,26876395,374247.0,31249624,8,8,4,time_and_material,0.545,1,0.096,on_track
DELTA-0301,BFSI,69,0.387,0.399,0.214,590136.0,49276356,856502.0,71517917,9,11,1,time_and_material,0.603,7,0.137,failed
DELTA-0302,BFSI,7,0.323,0.552,0.125,50000.0,4175000,55725.0,4653037,8,8,4,outcome_based,0.592,0,0.045,on_track
DELTA-0303,Retail,34,0.543,0.091,0.366,518011.0,43253918,697539.0,58244506,15,18,2,time_and_material,0.566,2,0.155,at_risk
DELTA-0304,Government,5,0.1,0.656,0.244,1895330.0,158260055,2580144.0,215442024,20,25,2,time_and_material,0.569,1,0.065,failed
DELTA-0305,Healthcare,5,0.275,0.507,0.218,132392.0,11054732,156516.0,13069086,10,11,4,fixed_bid,0.599,0,0.077,on_track
DELTA-0306,Manufacturing,7,0.226,0.645,0.129,1094309.0,91374801,1453504.0,121367584,12,14,4,outcome_based,0.56,0,0.053,at_risk
DELTA-0307,Telecom,7,0.588,0.098,0.314,156867.0,13098394,192339.0,16060306,9,9,2,fixed_bid,0.626,0,0.098,at_risk
DELTA-0308,Healthcare,16,0.5,0.083,0.417,57805.0,4826717,75222.0,6281037,11,13,5,time_and_material,0.571,2,0.177,at_risk
DELTA-0309,EdTech,17,0.229,0.485,0.286,150984.0,12607164,172649.0,14416191,8,9,0,time_and_material,0.601,1,0.048,on_track
DELTA-0310,Government,12,0.371,0.369,0.26,510621.0,42636853,621032.0,51856172,15,17,3,fixed_bid,0.555,1,0.053,on_track
DELTA-0311,EdTech,13,0.498,0.084,0.418,93492.0,7806582,111591.0,9317848,8,8,7,time_and_material,0.583,0,0.091,on_track
DELTA-0312,Energy,20,0.133,0.568,0.299,115808.0,9669968,136987.0,11438414,13,12,1,time_and_material,0.55,1,0.097,on_track
DELTA-0313,Telecom,24,0.6,0.308,0.092,339145.0,28318607,466025.0,38913087,9,11,1,time_and_material,0.563,4,0.108,at_risk
DELTA-0314,Energy,6,0.213,0.566,0.221,199337.0,16644639,200009.0,16700751,10,9,2,fixed_bid,0.47,0,0.04,on_track
DELTA-0315,Retail,11,0.258,0.489,0.253,336435.0,28092322,367635.0,30697522,9,9,0,outcome_based,0.563,1,0.058,on_track
DELTA-0316,EdTech,14,0.505,0.091,0.404,246236.0,20560706,294594.0,24598599,8,8,4,time_and_material,0.573,1,0.077,at_risk
DELTA-0317,Retail,19,0.5,0.083,0.417,306098.0,25559183,440205.0,36757117,11,14,4,outcome_based,0.583,3,0.172,failed
DELTA-0318,BFSI,9,0.6,0.183,0.217,134716.0,11248786,178814.0,14930969,11,13,2,time_and_material,0.662,1,0.078,at_risk
DELTA-0319,Energy,14,0.1,0.491,0.409,244888.0,20448148,280025.0,23382087,8,8,1,time_and_material,0.559,1,0.046,on_track
DELTA-0320,Government,15,0.181,0.631,0.188,86280.0,7204380,104181.0,8699113,15,16,1,outcome_based,0.627,1,0.018,at_risk
DELTA-0321,EdTech,9,0.1,0.522,0.378,633864.0,52927644,653172.0,54539862,8,8,2,time_and_material,0.539,0,0.054,on_track
DELTA-0322,Manufacturing,9,0.379,0.384,0.237,112325.0,9379137,163174.0,13625029,8,10,8,fixed_bid,0.526,2,0.097,failed
DELTA-0323,Telecom,15,0.278,0.228,0.494,549059.0,45846426,711685.0,59425697,11,12,3,fixed_bid,0.496,3,0.074,at_risk
DELTA-0324,Healthcare,13,0.306,0.523,0.171,161095.0,13451432,218974.0,18284329,10,11,2,fixed_bid,0.597,2,0.071,failed
DELTA-0325,Government,20,0.499,0.084,0.417,238422.0,19908237,376187.0,31411614,17,23,6,outcome_based,0.58,5,0.168,failed
DELTA-0326,Government,7,0.5,0.083,0.417,127329.0,10631971,177285.0,14803297,8,9,4,outcome_based,0.611,1,0.124,failed
DELTA-0327,Retail,12,0.585,0.185,0.23,79666.0,6652111,99757.0,8329709,8,8,2,time_and_material,0.595,1,0.186,at_risk
DELTA-0328,Energy,12,0.5,0.083,0.417,50000.0,4175000,61364.0,5123894,8,8,1,time_and_material,0.579,2,0.149,at_risk
DELTA-0329,EdTech,24,0.6,0.135,0.265,76895.0,6420732,114777.0,9583879,8,10,2,outcome_based,0.608,3,0.195,failed
DELTA-0330,EdTech,8,0.402,0.438,0.16,148521.0,12401503,174977.0,14610579,10,10,2,time_and_material,0.663,0,0.057,on_track
DELTA-0331,BFSI,17,0.393,0.483,0.124,240551.0,20086008,274214.0,22896869,17,18,1,fixed_bid,0.573,1,0.045,on_track
DELTA-0332,BFSI,17,0.589,0.232,0.179,493531.0,41209838,693612.0,57916602,11,15,1,fixed_bid,0.658,4,0.076,failed
DELTA-0333,Telecom,39,0.496,0.305,0.199,133094.0,11113349,166608.0,13911768,13,15,2,time_and_material,0.607,2,0.129,at_risk
DELTA-0334,Retail,8,0.469,0.088,0.443,89880.0,7504980,128542.0,10733257,11,13,4,time_and_material,0.609,2,0.083,failed
DELTA-0335,Government,10,0.579,0.098,0.323,54260.0,4530710,60513.0,5052835,8,9,1,time_and_material,0.597,0,0.042,on_track
DELTA-0336,EdTech,8,0.6,0.117,0.283,306219.0,25569286,338763.0,28286710,8,8,1,outcome_based,0.45,0,0.151,on_track
DELTA-0337,Manufacturing,5,0.238,0.262,0.5,690295.0,57639632,788083.0,65804930,13,13,5,time_and_material,0.564,0,0.131,on_track
DELTA-0338,Retail,42,0.411,0.17,0.419,621379.0,51885146,708745.0,59180207,8,7,5,time_and_material,0.554,0,0.068,on_track
DELTA-0339,Telecom,7,0.243,0.53,0.227,376600.0,31446100,469760.0,39224960,16,17,2,time_and_material,0.708,0,0.014,at_risk
DELTA-0340,Telecom,9,0.455,0.222,0.323,353164.0,29489194,416602.0,34786267,9,9,3,fixed_bid,0.557,0,0.06,on_track
DELTA-0341,Retail,32,0.583,0.097,0.32,916082.0,76492847,1276079.0,106552596,20,21,3,time_and_material,0.592,4,0.145,at_risk
DELTA-0342,Telecom,5,0.419,0.506,0.075,268035.0,22380922,288370.0,24078895,8,7,1,time_and_material,0.568,0,0.092,on_track
DELTA-0343,Retail,23,0.565,0.097,0.338,355583.0,29691180,401721.0,33543703,11,11,1,time_and_material,0.522,1,0.097,on_track
DELTA-0344,Healthcare,6,0.266,0.595,0.139,148939.0,12436406,173716.0,14505286,9,9,3,fixed_bid,0.549,0,0.066,on_track
DELTA-0345,Retail,31,0.402,0.151,0.447,58346.0,4871891,77741.0,6491373,8,10,3,outcome_based,0.617,3,0.108,failed
DELTA-0346,Energy,5,0.6,0.296,0.104,107423.0,8969820,116037.0,9689089,8,8,1,outcome_based,0.485,0,0.077,on_track
DELTA-0347,Retail,5,0.307,0.281,0.412,197157.0,16462609,207275.0,17307462,11,11,0,outcome_based,0.591,0,0.042,on_track
DELTA-0348,Telecom,10,0.124,0.54,0.336,209967.0,17532244,249641.0,20845023,8,8,2,fixed_bid,0.537,0,0.01,on_track
DELTA-0349,EdTech,26,0.261,0.566,0.173,1125409.0,93971651,1368482.0,114268247,9,10,2,fixed_bid,0.623,1,0.123,at_risk
DELTA-0350,Energy,14,0.557,0.093,0.35,213875.0,17858562,279490.0,23337415,15,18,2,time_and_material,0.601,2,0.091,at_risk
DELTA-0351,Telecom,12,0.247,0.587,0.166,574329.0,47956471,757289.0,63233631,15,17,4,outcome_based,0.512,2,0.1,at_risk
DELTA-0352,BFSI,33,0.565,0.267,0.168,134380.0,11220730,176705.0,14754867,8,9,7,fixed_bid,0.556,1,0.111,at_risk
DELTA-0353,BFSI,54,0.57,0.13,0.3,150165.0,12538777,240606.0,20090601,17,21,6,outcome_based,0.591,5,0.216,failed
DELTA-0354,EdTech,22,0.382,0.245,0.373,60107.0,5018934,64931.0,5421738,8,8,2,fixed_bid,0.567,0,0.04,on_track
DELTA-0355,EdTech,10,0.455,0.397,0.148,101916.0,8509986,120057.0,10024759,14,15,3,time_and_material,0.587,0,0.121,on_track
DELTA-0356,Energy,11,0.423,0.358,0.219,319426.0,26672071,367384.0,30676564,10,10,1,time_and_material,0.569,1,0.079,on_track
DELTA-0357,Healthcare,6,0.212,0.305,0.483,200146.0,16712191,197393.0,16482315,8,8,4,time_and_material,0.607,0,0.123,on_track
DELTA-0358,EdTech,15,0.561,0.308,0.131,464466.0,38782911,592550.0,49477925,20,22,3,outcome_based,0.593,1,0.106,at_risk
DELTA-0359,BFSI,5,0.53,0.271,0.199,234012.0,19540002,233109.0,19464601,14,13,0,time_and_material,0.572,0,0.011,on_track
DELTA-0360,Retail,20,0.399,0.288,0.313,144754.0,12086959,208208.0,17385368,8,10,5,outcome_based,0.592,4,0.12,failed
DELTA-0361,Telecom,49,0.137,0.506,0.357,1374316.0,114755386,2041408.0,170457568,20,24,8,time_and_material,0.542,6,0.137,failed
DELTA-0362,BFSI,22,0.171,0.431,0.398,182679.0,15253696,246040.0,20544340,8,10,3,outcome_based,0.639,2,0.12,at_risk
DELTA-0363,BFSI,11,0.504,0.208,0.288,566198.0,47277533,757191.0,63225448,15,17,3,time_and_material,0.693,1,0.063,at_risk
DELTA-0364,Healthcare,20,0.415,0.158,0.427,138539.0,11568006,171217.0,14296619,8,9,2,time_and_material,0.569,2,0.061,on_track
DELTA-0365,Energy,39,0.561,0.096,0.343,376487.0,31436664,468354.0,39107559,8,10,2,fixed_bid,0.59,2,0.093,at_risk
DELTA-0366,Energy,38,0.557,0.093,0.35,458270.0,38265545,560345.0,46788807,15,16,1,fixed_bid,0.62,1,0.079,on_track
DELTA-0367,Government,8,0.557,0.118,0.325,239819.0,20024886,274142.0,22890857,8,9,3,time_and_material,0.626,0,0.136,on_track
DELTA-0368,Healthcare,20,0.586,0.206,0.208,50000.0,4175000,68617.0,5729519,9,10,3,outcome_based,0.591,2,0.035,failed
DELTA-0369,Retail,13,0.535,0.382,0.083,202081.0,16873763,214532.0,17913422,8,9,2,fixed_bid,0.539,0,0.047,on_track
DELTA-0370,Energy,24,0.336,0.351,0.313,601639.0,50236856,870382.0,72676897,21,27,4,outcome_based,0.646,4,0.133,failed
DELTA-0371,Telecom,18,0.48,0.424,0.096,319570.0,26684095,384906.0,32139651,15,17,1,outcome_based,0.611,1,0.025,at_risk
DELTA-0372,EdTech,5,0.373,0.38,0.247,296930.0,24793655,335981.0,28054413,8,8,4,time_and_material,0.581,0,0.078,on_track
DELTA-0373,Healthcare,12,0.323,0.585,0.092,50000.0,4175000,53548.0,4471258,8,8,4,fixed_bid,0.556,0,0.025,on_track
DELTA-0374,EdTech,16,0.432,0.149,0.419,103942.0,8679157,121842.0,10173807,13,14,1,outcome_based,0.589,1,0.069,on_track
DELTA-0375,BFSI,6,0.35,0.44,0.21,287857.0,24036059,311806.0,26035801,19,21,3,time_and_material,0.515,0,0.082,on_track
DELTA-0376,Telecom,21,0.219,0.281,0.5,287605.0,24015017,376111.0,31405268,14,17,5,time_and_material,0.606,1,0.111,at_risk
DELTA-0377,Telecom,5,0.564,0.094,0.342,593148.0,49527858,681001.0,56863583,22,24,1,fixed_bid,0.612,0,0.035,at_risk
DELTA-0378,BFSI,9,0.498,0.084,0.418,174489.0,14569831,189247.0,15802124,8,9,1,time_and_material,0.58,0,0.105,on_track
DELTA-0379,Healthcare,33,0.487,0.424,0.089,286427.0,23916654,353358.0,29505393,8,9,3,outcome_based,0.545,2,0.108,at_risk
DELTA-0380,BFSI,8,0.161,0.4,0.439,201740.0,16845290,227505.0,18996667,8,8,1,outcome_based,0.61,0,0.071,on_track
DELTA-0381,EdTech,20,0.6,0.136,0.264,81777.0,6828379,98376.0,8214396,10,11,1,time_and_material,0.612,1,0.052,on_track
DELTA-0382,Government,5,0.505,0.096,0.399,50000.0,4175000,59757.0,4989709,8,8,6,time_and_material,0.542,0,0.134,on_track
DELTA-0383,Telecom,51,0.535,0.31,0.155,292994.0,24464999,372674.0,31118279,8,9,1,outcome_based,0.635,3,0.07,at_risk
DELTA-0384,Manufacturing,12,0.599,0.1,0.301,232478.0,19411913,336308.0,28081718,13,16,3,fixed_bid,0.636,2,0.102,failed
DELTA-0385,Manufacturing,15,0.263,0.341,0.396,113964.0,9515994,145173.0,12121945,14,16,3,outcome_based,0.565,1,0.107,at_risk
DELTA-0386,EdTech,16,0.547,0.114,0.339,50000.0,4175000,61462.0,5132077,8,9,2,fixed_bid,0.557,1,0.084,at_risk
DELTA-0387,Retail,21,0.555,0.092,0.353,350377.0,29256479,464622.0,38795937,8,9,2,fixed_bid,0.578,3,0.067,at_risk
DELTA-0388,Energy,5,0.42,0.188,0.392,156478.0,13065913,181758.0,15176793,12,13,0,outcome_based,0.545,1,0.032,on_track
DELTA-0389,BFSI,14,0.426,0.104,0.47,328137.0,27399439,471396.0,39361566,8,11,3,time_and_material,0.615,3,0.192,failed
DELTA-0390,BFSI,10,0.6,0.257,0.143,1064103.0,88852600,1535776.0,128237296,11,13,9,time_and_material,0.594,1,0.116,failed
DELTA-0391,Retail,5,0.6,0.104,0.296,50000.0,4175000,54397.0,4542149,13,15,0,outcome_based,0.625,0,0.048,at_risk
DELTA-0392,Retail,26,0.594,0.349,0.057,105911.0,8843568,137575.0,11487512,8,9,4,time_and_material,0.594,2,0.112,at_risk
DELTA-0393,EdTech,12,0.557,0.365,0.078,164647.0,13748024,199925.0,16693737,8,8,1,fixed_bid,0.608,1,0.052,at_risk
DELTA-0394,EdTech,17,0.266,0.678,0.056,736263.0,61477960,1167639.0,97497856,14,19,4,fixed_bid,0.58,5,0.141,failed
DELTA-0395,Retail,16,0.174,0.646,0.18,50000.0,4175000,60368.0,5040728,8,9,3,fixed_bid,0.573,1,0.067,at_risk
DELTA-0396,Telecom,12,0.258,0.47,0.272,1135149.0,94784941,1593468.0,133054578,19,24,0,time_and_material,0.56,3,0.176,failed
DELTA-0397,EdTech,48,0.413,0.359,0.228,224643.0,18757690,273435.0,22831822,8,8,0,fixed_bid,0.645,2,0.085,at_risk
DELTA-0398,Government,14,0.547,0.129,0.324,182334.0,15224889,226101.0,18879433,15,16,1,time_and_material,0.601,1,0.034,at_risk
DELTA-0399,EdTech,5,0.31,0.343,0.347,166332.0,13888722,238790.0,19938965,8,10,6,time_and_material,0.592,1,0.193,failed
DELTA-0400,BFSI,11,0.59,0.098,0.312,134237.0,11208789,166789.0,13926881,11,12,2,fixed_bid,0.5,2,0.094,at_risk
DELTA-0401,EdTech,20,0.355,0.448,0.197,510581.0,42633513,804310.0,67159885,14,20,4,fixed_bid,0.6,5,0.175,failed
DELTA-0402,Telecom,20,0.6,0.32,0.08,75988.0,6344998,94133.0,7860105,8,8,0,time_and_material,0.559,2,0.063,at_risk
DELTA-0403,Retail,7,0.206,0.673,0.121,271270.0,22651045,312556.0,26098426,8,9,3,time_and_material,0.523,0,0.126,on_track
DELTA-0404,BFSI,25,0.377,0.437,0.186,140679.0,11746696,195523.0,16326170,10,11,5,time_and_material,0.525,2,0.185,at_risk
DELTA-0405,EdTech,5,0.106,0.394,0.5,100115.0,8359602,118732.0,9914122,8,8,2,outcome_based,0.556,1,0.021,at_risk
DELTA-0406,Telecom,29,0.186,0.619,0.195,2037792.0,170155632,3075290.0,256786715,24,31,7,time_and_material,0.613,4,0.251,failed
DELTA-0407,Government,6,0.6,0.297,0.103,289857.0,24203059,327407.0,27338484,8,8,3,outcome_based,0.611,0,0.066,on_track
DELTA-0408,EdTech,12,0.435,0.115,0.45,345220.0,28825870,392204.0,32749034,8,8,1,time_and_material,0.535,1,0.153,on_track
DELTA-0409,Telecom,28,0.183,0.74,0.077,553490.0,46216415,705760.0,58930960,21,25,1,time_and_material,0.548,3,0.025,on_track
DELTA-0410,Government,15,0.425,0.498,0.077,55314.0,4618719,59822.0,4995137,8,8,2,time_and_material,0.597,0,0.085,on_track
DELTA-0411,Retail,24,0.228,0.447,0.325,962281.0,80350463,1487541.0,124209673,18,24,7,outcome_based,0.599,3,0.092,failed
DELTA-0412,EdTech,21,0.556,0.093,0.351,50000.0,4175000,59011.0,4927418,8,9,4,time_and_material,0.578,0,0.097,on_track
DELTA-0413,Government,32,0.525,0.087,0.388,99519.0,8309836,116172.0,9700362,8,8,1,outcome_based,0.525,1,0.121,on_track
DELTA-0414,BFSI,28,0.6,0.256,0.144,131514.0,10981419,183935.0,15358572,8,10,3,fixed_bid,0.556,4,0.159,failed
DELTA-0415,Retail,11,0.575,0.306,0.119,335558.0,28019093,406162.0,33914527,8,9,2,outcome_based,0.666,0,0.091,at_risk
DELTA-0416,BFSI,21,0.471,0.088,0.441,242037.0,20210089,319543.0,26681840,12,14,1,time_and_material,0.552,4,0.08,at_risk
DELTA-0417,Manufacturing,5,0.33,0.313,0.357,171076.0,14284846,195298.0,16307383,15,15,2,time_and_material,0.588,0,0.092,on_track
DELTA-0418,Healthcare,14,0.1,0.703,0.197,196654.0,16420609,259914.0,21702819,11,12,1,fixed_bid,0.661,2,0.032,failed
DELTA-0419,EdTech,24,0.458,0.093,0.449,82436.0,6883406,87180.0,7279530,8,8,1,time_and_material,0.582,1,0.075,on_track
DELTA-0420,Government,16,0.521,0.087,0.392,51662.0,4313777,58797.0,4909549,8,9,2,fixed_bid,0.655,0,0.113,at_risk
DELTA-0421,Healthcare,19,0.532,0.31,0.158,382261.0,31918793,525133.0,43848605,12,15,3,fixed_bid,0.552,3,0.057,failed
DELTA-0422,Healthcare,13,0.6,0.108,0.292,371140.0,30990190,444605.0,37124517,21,23,0,fixed_bid,0.503,2,0.069,on_track
DELTA-0423,Government,29,0.348,0.518,0.134,827401.0,69087983,978246.0,81683541,11,12,2,time_and_material,0.564,1,0.015,on_track
DELTA-0424,Retail,14,0.47,0.386,0.144,97634.0,8152439,121653.0,10158025,8,9,0,outcome_based,0.561,3,0.059,at_risk
DELTA-0425,EdTech,11,0.223,0.596,0.181,370842.0,30965307,437315.0,36515802,8,8,5,outcome_based,0.513,1,0.11,at_risk
DELTA-0426,Manufacturing,25,0.427,0.244,0.329,153993.0,12858415,183255.0,15301792,8,9,1,time_and_material,0.575,3,0.082,on_track
DELTA-0427,BFSI,6,0.55,0.092,0.358,580373.0,48461145,693806.0,57932801,8,9,1,outcome_based,0.617,0,0.122,at_risk
DELTA-0428,Telecom,20,0.435,0.472,0.093,498703.0,41641700,589116.0,49191186,13,15,1,time_and_material,0.549,1,0.03,on_track
DELTA-0429,BFSI,7,0.371,0.257,0.372,240406.0,20073901,300259.0,25071626,8,8,4,fixed_bid,0.576,0,0.124,on_track
DELTA-0430,Telecom,32,0.352,0.548,0.1,146447.0,12228324,198960.0,16613160,8,10,2,time_and_material,0.633,2,0.197,at_risk
DELTA-0431,BFSI,12,0.52,0.093,0.387,472049.0,39416091,610543.0,50980340,14,16,3,time_and_material,0.564,1,0.036,at_risk
DELTA-0432,Government,16,0.296,0.204,0.5,355832.0,29711972,419920.0,35063320,8,8,1,time_and_material,0.595,1,0.037,on_track
DELTA-0433,Manufacturing,19,0.6,0.108,0.292,107366.0,8965061,126681.0,10577863,8,8,1,outcome_based,0.507,0,0.015,on_track
DELTA-0434,EdTech,5,0.6,0.135,0.265,60173.0,5024445,66134.0,5522189,15,17,1,time_and_material,0.561,0,0.09,on_track
DELTA-0435,Telecom,10,0.245,0.399,0.356,153325.0,12802637,168984.0,14110164,8,8,2,fixed_bid,0.564,0,0.033,on_track
DELTA-0436,EdTech,27,0.312,0.595,0.093,777526.0,64923421,1133834.0,94675139,8,10,8,time_and_material,0.647,3,0.157,failed
DELTA-0437,EdTech,25,0.251,0.334,0.415,557846.0,46580141,713087.0,59542764,12,13,1,fixed_bid,0.564,2,0.161,at_risk
DELTA-0438,EdTech,17,0.5,0.083,0.417,73050.0,6099675,122056.0,10191676,13,16,11,fixed_bid,0.554,2,0.182,failed
DELTA-0439,Energy,6,0.171,0.414,0.415,69495.0,5802832,85994.0,7180499,8,8,1,time_and_material,0.589,1,0.084,at_risk
DELTA-0440,Retail,21,0.444,0.176,0.38,626068.0,52276678,772710.0,64521285,14,15,3,time_and_material,0.598,2,0.102,at_risk
DELTA-0441,BFSI,22,0.195,0.313,0.492,71533.0,5973005,112832.0,9421472,11,14,5,fixed_bid,0.549,5,0.171,failed
DELTA-0442,EdTech,15,0.479,0.178,0.343,314382.0,26250897,330564.0,27602094,8,9,0,time_and_material,0.564,1,0.023,on_track
DELTA-0443,BFSI,30,0.6,0.32,0.08,114180.0,9534030,134861.0,11260893,12,14,1,time_and_material,0.623,1,0.072,at_risk
DELTA-0444,EdTech,9,0.465,0.234,0.301,851998.0,71141833,1066568.0,89058428,18,22,4,time_and_material,0.563,1,0.071,on_track
DELTA-0445,Telecom,10,0.1,0.555,0.345,99371.0,8297478,113960.0,9515660,8,8,1,outcome_based,0.595,0,0.092,on_track
DELTA-0446,Retail,5,0.485,0.244,0.271,556279.0,46449296,855340.0,71420890,17,23,0,time_and_material,0.586,2,0.062,failed
DELTA-0447,Retail,25,0.1,0.637,0.263,234772.0,19603462,304462.0,25422577,14,16,1,outcome_based,0.627,2,0.065,at_risk
DELTA-0448,Government,17,0.425,0.251,0.324,249440.0,20828240,313494.0,26176749,9,10,2,outcome_based,0.595,1,0.079,at_risk
DELTA-0449,Energy,5,0.461,0.37,0.169,50000.0,4175000,59558.0,4973093,8,9,0,time_and_material,0.611,1,0.104,at_risk
DELTA-0450,Government,5,0.235,0.635,0.13,50000.0,4175000,58960.0,4923160,8,8,5,time_and_material,0.553,0,0.052,on_track
DELTA-0451,Government,8,0.371,0.278,0.351,162997.0,13610249,193021.0,16117253,8,9,3,time_and_material,0.618,0,0.031,at_risk
DELTA-0452,Government,23,0.485,0.217,0.298,248255.0,20729292,344404.0,28757734,12,14,4,fixed_bid,0.604,2,0.194,failed
DELTA-0453,Government,12,0.5,0.083,0.417,72209.0,6029451,95040.0,7935840,8,10,1,fixed_bid,0.628,2,0.093,failed
DELTA-0454,Government,9,0.6,0.182,0.218,74620.0,6230770,98491.0,8223998,8,9,3,fixed_bid,0.562,1,0.058,at_risk
DELTA-0455,Manufacturing,8,0.46,0.268,0.272,329497.0,27512999,405395.0,33850482,16,18,1,outcome_based,0.582,1,0.056,at_risk
DELTA-0456,Retail,7,0.376,0.402,0.222,329907.0,27547234,342170.0,28571195,10,10,2,outcome_based,0.499,0,0.082,on_track
DELTA-0457,Government,5,0.186,0.314,0.5,175612.0,14663602,233029.0,19457921,8,9,5,outcome_based,0.649,0,0.102,failed
DELTA-0458,EdTech,7,0.259,0.299,0.442,401186.0,33499031,469183.0,39176780,14,15,2,time_and_material,0.546,1,0.164,at_risk
DELTA-0459,Retail,7,0.383,0.293,0.324,69093.0,5769265,79336.0,6624556,15,16,2,time_and_material,0.558,1,0.076,on_track
DELTA-0460,Retail,22,0.513,0.085,0.402,144301.0,12049133,181964.0,15193994,8,9,6,time_and_material,0.531,1,0.052,on_track
DELTA-0461,Healthcare,13,0.429,0.259,0.312,875972.0,73143662,1082741.0,90408873,16,17,4,time_and_material,0.599,0,0.155,at_risk
DELTA-0462,Manufacturing,9,0.314,0.52,0.166,211396.0,17651566,274664.0,22934444,8,9,2,fixed_bid,0.594,2,0.059,failed
DELTA-0463,Government,59,0.321,0.315,0.364,222722.0,18597287,329540.0,27516590,11,14,3,fixed_bid,0.574,8,0.161,failed
DELTA-0464,BFSI,9,0.338,0.45,0.212,1583822.0,132249137,2025509.0,169130001,19,23,5,time_and_material,0.478,1,0.101,at_risk
DELTA-0465,Telecom,29,0.249,0.38,0.371,56420.0,4711070,66013.0,5512085,11,12,2,outcome_based,0.547,1,0.088,on_track
DELTA-0466,Energy,39,0.252,0.42,0.328,407089.0,33991931,502759.0,41980376,8,9,5,time_and_material,0.589,1,0.097,at_risk
DELTA-0467,EdTech,5,0.241,0.322,0.437,888764.0,74211794,1017587.0,84968514,8,8,1,fixed_bid,0.584,0,0.046,at_risk
DELTA-0468,BFSI,15,0.44,0.218,0.342,148394.0,12390899,194399.0,16232316,8,9,1,fixed_bid,0.58,2,0.035,failed
DELTA-0469,Manufacturing,10,0.182,0.554,0.264,430915.0,35981402,455519.0,38035836,12,13,1,time_and_material,0.554,0,0.069,on_track
DELTA-0470,Telecom,10,0.13,0.644,0.226,82140.0,6858690,104245.0,8704457,13,14,1,time_and_material,0.529,2,0.043,at_risk
DELTA-0471,Manufacturing,20,0.476,0.325,0.199,107145.0,8946607,162121.0,13537103,8,10,2,time_and_material,0.633,5,0.28,failed
DELTA-0472,EdTech,10,0.406,0.426,0.168,281101.0,23471933,331695.0,27696532,14,13,3,outcome_based,0.514,0,0.051,on_track
DELTA-0473,Retail,11,0.6,0.198,0.202,407872.0,34057312,525893.0,43912065,8,9,4,outcome_based,0.609,0,0.183,failed
DELTA-0474,Telecom,13,0.6,0.248,0.152,545164.0,45521194,706182.0,58966197,13,15,3,time_and_material,0.532,2,0.157,at_risk
DELTA-0475,Retail,11,0.294,0.213,0.493,816404.0,68169734,1165374.0,97308729,10,12,1,outcome_based,0.611,3,0.19,failed
DELTA-0476,EdTech,7,0.473,0.095,0.432,187081.0,15621263,277280.0,23152880,9,12,6,outcome_based,0.593,2,0.202,failed
DELTA-0477,BFSI,23,0.16,0.535,0.305,582014.0,48598169,599511.0,50059168,16,17,1,time_and_material,0.561,0,0.102,on_track
DELTA-0478,EdTech,27,0.216,0.487,0.297,146082.0,12197847,182248.0,15217708,8,9,1,time_and_material,0.608,1,0.09,at_risk
DELTA-0479,BFSI,18,0.425,0.338,0.237,447701.0,37383033,604486.0,50474581,8,10,7,time_and_material,0.514,3,0.248,failed
DELTA-0480,Telecom,11,0.559,0.1,0.341,239603.0,20006850,281448.0,23500908,10,11,2,fixed_bid,0.585,1,0.098,on_track
DELTA-0481,Telecom,9,0.208,0.518,0.274,296887.0,24790064,350802.0,29291967,21,22,5,outcome_based,0.54,0,0.086,on_track
DELTA-0482,Government,9,0.6,0.244,0.156,291022.0,24300337,339177.0,28321279,8,8,2,time_and_material,0.615,0,0.06,on_track
DELTA-0483,Manufacturing,61,0.517,0.086,0.397,50000.0,4175000,75183.0,6277780,18,23,3,fixed_bid,0.598,7,0.094,failed
DELTA-0484,Government,26,0.383,0.26,0.357,72279.0,6035296,97005.0,8099917,18,21,2,time_and_material,0.624,1,0.141,failed
DELTA-0485,Manufacturing,8,0.199,0.432,0.369,218008.0,18203668,282466.0,23585911,8,10,2,fixed_bid,0.549,2,0.05,failed
DELTA-0486,Government,16,0.144,0.356,0.5,50000.0,4175000,61221.0,5111953,8,8,4,time_and_material,0.603,0,0.229,at_risk
DELTA-0487,Retail,11,0.6,0.171,0.229,420033.0,35072755,499505.0,41708667,8,8,3,time_and_material,0.532,1,0.126,on_track
DELTA-0488,Telecom,21,0.145,0.686,0.169,435565.0,36369677,604953.0,50513575,10,11,4,fixed_bid,0.538,2,0.175,at_risk
DELTA-0489,BFSI,20,0.132,0.434,0.434,266853.0,22282225,318598.0,26602933,8,9,1,outcome_based,0.571,1,0.099,on_track
DELTA-0490,Manufacturing,28,0.355,0.145,0.5,72473.0,6051495,89625.0,7483687,8,9,3,time_and_material,0.536,3,0.056,on_track
DELTA-0491,EdTech,8,0.346,0.154,0.5,688399.0,57481316,918926.0,76730321,19,22,5,time_and_material,0.609,1,0.129,at_risk
DELTA-0492,Manufacturing,15,0.331,0.169,0.5,1243560.0,103837260,1820222.0,151988537,13,16,5,outcome_based,0.561,3,0.122,failed
DELTA-0493,BFSI,5,0.326,0.3,0.374,226923.0,18948070,241427.0,20159154,8,8,1,time_and_material,0.535,0,0.1,on_track
DELTA-0494,Government,6,0.5,0.083,0.417,314733.0,26280205,326351.0,27250308,8,8,1,outcome_based,0.523,0,0.028,on_track
DELTA-0495,Manufacturing,25,0.6,0.35,0.05,238366.0,19903561,307174.0,25649029,11,13,3,outcome_based,0.604,2,0.066,failed
DELTA-0496,Energy,8,0.479,0.087,0.434,320402.0,26753567,371376.0,31009896,11,11,3,fixed_bid,0.473,0,0.02,on_track
DELTA-0497,Retail,8,0.6,0.198,0.202,178509.0,14905501,242950.0,20286325,9,10,8,time_and_material,0.536,1,0.159,at_risk
DELTA-0498,Telecom,14,0.533,0.346,0.121,192700.0,16090450,238639.0,19926356,8,8,2,fixed_bid,0.652,0,0.118,at_risk
DELTA-0499,BFSI,22,0.267,0.466,0.267,449165.0,37505277,526296.0,43945716,9,10,1,outcome_based,0.563,1,0.156,at_risk
DELTA-0500,Telecom,7,0.244,0.523,0.233,1641402.0,137057067,2511818.0,209736803,21,27,9,time_and_material,0.599,1,0.186,failed
DELTA-0501,Energy,5,0.524,0.192,0.284,56383.0,4707980,72107.0,6020934,8,8,3,fixed_bid,0.593,0,0.061,at_risk
DELTA-0502,Manufacturing,8,0.205,0.638,0.157,181057.0,15118259,256197.0,21392449,10,11,4,outcome_based,0.58,1,0.125,failed
DELTA-0503,Manufacturing,30,0.451,0.215,0.334,68705.0,5736867,89393.0,7464315,9,11,3,fixed_bid,0.519,3,0.088,at_risk
DELTA-0504,EdTech,18,0.507,0.387,0.106,833027.0,69557754,1003415.0,83785152,19,21,2,time_and_material,0.524,2,0.057,at_risk
DELTA-0505,Energy,32,0.194,0.627,0.179,117129.0,9780271,160142.0,13371857,11,14,4,time_and_material,0.519,4,0.102,at_risk
DELTA-0506,BFSI,7,0.316,0.496,0.188,54237.0,4528789,60336.0,5038056,8,8,1,time_and_material,0.596,0,0.114,on_track
DELTA-0507,EdTech,5,0.431,0.365,0.204,353051.0,29479758,488608.0,40798768,17,19,5,time_and_material,0.605,1,0.11,failed
DELTA-0508,Retail,19,0.226,0.41,0.364,955394.0,79775399,1200875.0,100273062,16,19,7,time_and_material,0.624,0,0.13,at_risk
DELTA-0509,EdTech,17,0.232,0.596,0.172,361218.0,30161703,470504.0,39287084,16,19,4,time_and_material,0.577,2,0.102,at_risk
DELTA-0510,Healthcare,17,0.288,0.578,0.134,239023.0,19958420,287396.0,23997566,12,13,5,outcome_based,0.582,0,0.043,at_risk
DELTA-0511,BFSI,26,0.6,0.253,0.147,287284.0,23988214,377628.0,31531938,8,9,2,outcome_based,0.58,3,0.106,at_risk
DELTA-0512,Healthcare,19,0.283,0.619,0.098,710238.0,59304873,868633.0,72530855,19,22,2,time_and_material,0.544,2,0.157,on_track
DELTA-0513,Energy,18,0.6,0.264,0.136,90510.0,7557585,117410.0,9803735,8,9,4,time_and_material,0.652,1,0.146,failed
DELTA-0514,Government,22,0.465,0.264,0.271,179752.0,15009292,248485.0,20748497,8,9,2,outcome_based,0.604,2,0.111,at_risk
DELTA-0515,Healthcare,20,0.595,0.321,0.084,132267.0,11044294,176102.0,14704517,9,10,2,outcome_based,0.625,1,0.129,failed
DELTA-0516,Retail,24,0.358,0.267,0.375,69488.0,5802248,88008.0,7348668,8,10,2,outcome_based,0.555,4,0.147,at_risk
DELTA-0517,EdTech,27,0.6,0.197,0.203,147925.0,12351737,167252.0,13965542,9,9,2,outcome_based,0.537,0,0.021,on_track
DELTA-0518,Government,37,0.269,0.534,0.197,538718.0,44982953,771934.0,64456489,8,9,2,fixed_bid,0.597,4,0.119,at_risk
DELTA-0519,EdTech,10,0.488,0.086,0.426,331022.0,27640337,435511.0,36365168,16,19,3,outcome_based,0.552,1,0.118,at_risk
DELTA-0520,Healthcare,19,0.389,0.469,0.142,355002.0,29642667,409194.0,34167699,9,10,3,outcome_based,0.578,1,0.193,at_risk
DELTA-0521,EdTech,11,0.355,0.506,0.139,226800.0,18937800,250415.0,20909652,8,8,1,time_and_material,0.498,0,0.19,on_track
DELTA-0522,Energy,9,0.423,0.257,0.32,318376.0,26584396,444879.0,37147396,8,10,3,outcome_based,0.562,2,0.079,failed
DELTA-0523,Government,9,0.6,0.17,0.23,96709.0,8075201,116316.0,9712386,9,10,4,time_and_material,0.572,0,0.106,at_risk
DELTA-0524,Energy,20,0.239,0.491,0.27,150458.0,12563243,191580.0,15996930,9,10,2,time_and_material,0.609,2,0.056,at_risk
DELTA-0525,Healthcare,19,0.265,0.405,0.33,236287.0,19729964,325690.0,27195115,11,13,1,time_and_material,0.543,4,0.106,at_risk
DELTA-0526,Energy,18,0.387,0.471,0.142,255190.0,21308365,325787.0,27203214,8,9,3,time_and_material,0.516,3,0.079,at_risk
DELTA-0527,Retail,12,0.525,0.386,0.089,265181.0,22142613,333530.0,27849755,8,9,3,fixed_bid,0.613,1,0.058,failed
DELTA-0528,Healthcare,14,0.504,0.129,0.367,175518.0,14655753,252751.0,21104708,12,15,1,time_and_material,0.574,4,0.086,failed
DELTA-0529,Healthcare,24,0.324,0.625,0.051,141537.0,11818339,169240.0,14131540,16,17,3,time_and_material,0.513,2,0.097,on_track
DELTA-0530,Healthcare,6,0.594,0.099,0.307,3409220.0,284669870,4500447.0,375787324,26,32,6,outcome_based,0.506,0,0.197,failed
DELTA-0531,BFSI,15,0.6,0.106,0.294,449597.0,37541349,567717.0,47404369,18,21,2,fixed_bid,0.558,1,0.13,at_risk
DELTA-0532,EdTech,15,0.317,0.582,0.101,288321.0,24074803,325861.0,27209393,11,11,0,fixed_bid,0.579,1,0.092,on_track
DELTA-0533,BFSI,23,0.43,0.095,0.475,161153.0,13456275,222133.0,18548105,8,9,6,fixed_bid,0.649,1,0.108,failed
DELTA-0534,BFSI,6,0.36,0.35,0.29,132442.0,11058907,157381.0,13141313,8,9,1,fixed_bid,0.527,1,0.035,on_track
DELTA-0535,Retail,36,0.557,0.318,0.125,176712.0,14755452,240168.0,20054028,8,10,2,time_and_material,0.597,4,0.209,failed
DELTA-0536,Government,16,0.212,0.561,0.227,258731.0,21604038,300866.0,25122311,14,15,2,outcome_based,0.503,0,0.082,on_track
DELTA-0537,EdTech,17,0.369,0.241,0.39,50000.0,4175000,69783.0,5826880,8,9,4,time_and_material,0.585,2,0.114,at_risk
DELTA-0538,Energy,11,0.507,0.391,0.102,50000.0,4175000,60668.0,5065778,8,9,2,time_and_material,0.636,0,0.088,at_risk
DELTA-0539,Manufacturing,20,0.485,0.359,0.156,112061.0,9357093,162244.0,13547374,13,17,2,time_and_material,0.604,5,0.152,failed
DELTA-0540,Healthcare,15,0.319,0.313,0.368,239527.0,20000504,327780.0,27369630,8,9,3,time_and_material,0.549,2,0.135,failed
DELTA-0541,Energy,30,0.27,0.256,0.474,160276.0,13383046,244799.0,20440716,8,10,2,time_and_material,0.662,5,0.079,failed
DELTA-0542,Healthcare,6,0.467,0.354,0.179,751862.0,62780477,1126174.0,94035529,12,15,6,outcome_based,0.585,1,0.059,failed
DELTA-0543,Retail,16,0.451,0.091,0.458,52357.0,4371809,55735.0,4653872,9,9,0,time_and_material,0.589,0,0.042,on_track
DELTA-0544,Healthcare,19,0.295,0.61,0.095,101092.0,8441182,134564.0,11236094,10,11,7,time_and_material,0.538,2,0.151,at_risk
DELTA-0545,BFSI,13,0.3,0.497,0.203,780806.0,65197301,939405.0,78440317,11,11,2,fixed_bid,0.591,0,0.086,at_risk
DELTA-0546,EdTech,11,0.49,0.114,0.396,223687.0,18677864,251421.0,20993653,21,23,4,time_and_material,0.578,0,0.092,on_track
DELTA-0547,Manufacturing,11,0.582,0.097,0.321,440805.0,36807217,531289.0,44362631,9,9,2,time_and_material,0.584,1,0.102,at_risk
DELTA-0548,Telecom,16,0.481,0.087,0.432,1259370.0,105157395,1545350.0,129036725,15,17,6,time_and_material,0.595,0,0.089,on_track
DELTA-0549,Healthcare,5,0.327,0.38,0.293,106465.0,8889827,126038.0,10524173,8,9,0,outcome_based,0.625,1,0.036,at_risk
DELTA-0550,Energy,26,0.32,0.353,0.327,181791.0,15179548,237858.0,19861143,9,10,5,time_and_material,0.55,3,0.096,at_risk
DELTA-0551,BFSI,11,0.301,0.199,0.5,155564.0,12989594,170862.0,14266977,11,11,2,fixed_bid,0.587,0,0.129,at_risk
DELTA-0552,Telecom,16,0.302,0.613,0.085,50000.0,4175000,64680.0,5400780,14,16,3,outcome_based,0.608,1,0.165,at_risk
DELTA-0553,Manufacturing,18,0.273,0.61,0.117,150338.0,12553223,162123.0,13537270,8,8,0,fixed_bid,0.577,1,0.124,on_track
DELTA-0554,Telecom,10,0.519,0.336,0.145,439307.0,36682134,591359.0,49378476,9,10,2,outcome_based,0.574,2,0.166,failed
DELTA-0555,BFSI,13,0.43,0.152,0.418,323362.0,27000727,411900.0,34393650,12,15,2,time_and_material,0.573,2,0.162,at_risk
DELTA-0556,EdTech,5,0.6,0.137,0.263,347032.0,28977172,372590.0,31111265,13,15,2,fixed_bid,0.574,0,0.022,on_track
DELTA-0557,EdTech,23,0.267,0.33,0.403,141781.0,11838713,194894.0,16273649,8,9,5,outcome_based,0.598,1,0.036,at_risk
DELTA-0558,Government,28,0.422,0.162,0.416,110140.0,9196690,147489.0,12315331,11,14,4,fixed_bid,0.654,2,0.108,at_risk
DELTA-0559,EdTech,5,0.379,0.395,0.226,623017.0,52021919,768754.0,64190959,8,9,2,fixed_bid,0.505,1,0.034,at_risk
DELTA-0560,Government,11,0.143,0.668,0.189,127059.0,10609426,138481.0,11563163,16,16,4,outcome_based,0.525,0,0.082,on_track
DELTA-0561,Telecom,7,0.568,0.204,0.228,259023.0,21628420,315373.0,26333645,14,16,6,fixed_bid,0.566,0,0.088,at_risk
DELTA-0562,Retail,13,0.529,0.088,0.383,230268.0,19227378,302676.0,25273446,8,9,5,time_and_material,0.572,2,0.158,at_risk
DELTA-0563,Energy,21,0.431,0.271,0.298,740843.0,61860390,977757.0,81642709,8,10,2,fixed_bid,0.564,3,0.12,at_risk
DELTA-0564,Energy,26,0.6,0.339,0.061,476522.0,39789587,649822.0,54260137,8,10,2,fixed_bid,0.556,4,0.109,failed
DELTA-0565,Telecom,29,0.143,0.679,0.178,61961.0,5173743,85060.0,7102510,11,13,2,outcome_based,0.527,3,0.189,at_risk
DELTA-0566,Healthcare,32,0.419,0.097,0.484,68268.0,5700378,80981.0,6761913,8,9,2,time_and_material,0.553,2,0.091,on_track
DELTA-0567,Healthcare,13,0.243,0.486,0.271,334709.0,27948201,436827.0,36475054,8,9,4,fixed_bid,0.606,1,0.08,at_risk
DELTA-0568,EdTech,7,0.5,0.083,0.417,187605.0,15665017,226941.0,18949573,11,12,2,time_and_material,0.585,0,0.13,on_track
DELTA-0569,Energy,13,0.224,0.58,0.196,131972.0,11019662,167982.0,14026497,8,9,3,time_and_material,0.609,1,0.093,at_risk
DELTA-0570,Energy,21,0.295,0.576,0.129,495868.0,41404978,545114.0,45517019,12,12,3,time_and_material,0.526,0,0.097,on_track
DELTA-0571,Government,7,0.401,0.164,0.435,235322.0,19649387,301958.0,25213493,8,9,4,fixed_bid,0.649,0,0.089,failed
DELTA-0572,Retail,40,0.101,0.704,0.195,208399.0,17401316,277634.0,23182439,12,15,1,time_and_material,0.558,7,0.161,at_risk
DELTA-0573,BFSI,25,0.401,0.41,0.189,401051.0,33487758,470466.0,39283911,8,8,1,time_and_material,0.601,1,0.108,on_track
DELTA-0574,Healthcare,13,0.361,0.264,0.375,141832.0,11842972,188791.0,15764048,8,9,1,fixed_bid,0.568,3,0.04,failed
DELTA-0575,Energy,9,0.518,0.088,0.394,815590.0,68101765,926401.0,77354483,14,15,2,time_and_material,0.548,0,0.053,on_track
DELTA-0576,Government,9,0.528,0.091,0.381,97807.0,8166884,114760.0,9582460,8,8,0,time_and_material,0.607,0,0.086,on_track
DELTA-0577,Manufacturing,15,0.338,0.195,0.467,359056.0,29981176,455404.0,38026234,10,11,3,time_and_material,0.611,2,0.073,at_risk
DELTA-0578,Government,12,0.297,0.448,0.255,722483.0,60327330,873405.0,72929317,9,9,1,time_and_material,0.679,1,0.034,at_risk
DELTA-0579,Healthcare,26,0.118,0.561,0.321,57551.0,4805508,65016.0,5428836,8,9,0,time_and_material,0.6,2,0.089,on_track
DELTA-0580,Healthcare,12,0.485,0.086,0.429,145946.0,12186491,201049.0,16787591,8,10,3,time_and_material,0.606,2,0.112,failed
DELTA-0581,Government,20,0.436,0.094,0.47,555701.0,46401033,602900.0,50342150,8,7,1,time_and_material,0.626,0,0.043,on_track
DELTA-0582,BFSI,14,0.128,0.496,0.376,563273.0,47033295,900209.0,75167451,9,12,7,time_and_material,0.611,3,0.209,failed
DELTA-0583,Telecom,17,0.248,0.412,0.34,170357.0,14224809,195529.0,16326671,10,11,3,time_and_material,0.57,1,0.081,at_risk
DELTA-0584,Healthcare,12,0.5,0.083,0.417,102620.0,8568770,134930.0,11266655,8,9,1,outcome_based,0.589,2,0.148,failed
DELTA-0585,Government,22,0.436,0.094,0.47,469931.0,39239238,550063.0,45930260,16,18,2,outcome_based,0.605,1,0.096,at_risk
DELTA-0586,Energy,22,0.576,0.186,0.238,576767.0,48160044,776993.0,64878915,18,24,1,time_and_material,0.631,3,0.075,at_risk
DELTA-0587,Government,19,0.472,0.099,0.429,69689.0,5819031,89976.0,7512996,8,9,6,fixed_bid,0.51,2,0.131,at_risk
DELTA-0588,Retail,21,0.233,0.398,0.369,67270.0,5617045,78327.0,6540304,14,16,1,time_and_material,0.517,1,0.035,on_track
DELTA-0589,Telecom,8,0.186,0.607,0.207,243465.0,20329327,344421.0,28759153,8,10,2,time_and_material,0.631,2,0.064,failed
DELTA-0590,Manufacturing,18,0.361,0.589,0.05,350257.0,29246459,410066.0,34240511,12,14,2,time_and_material,0.557,1,0.087,on_track
DELTA-0591,BFSI,31,0.156,0.553,0.291,151878.0,12681813,175433.0,14648655,8,8,2,time_and_material,0.504,1,0.121,on_track
DELTA-0592,EdTech,19,0.6,0.253,0.147,366357.0,30590809,519442.0,43373407,14,16,6,time_and_material,0.503,2,0.092,at_risk
DELTA-0593,Manufacturing,8,0.293,0.526,0.181,104911.0,8760068,118329.0,9880471,10,11,3,fixed_bid,0.645,0,0.045,on_track
DELTA-0594,Telecom,14,0.341,0.225,0.434,50000.0,4175000,58116.0,4852686,8,9,3,time_and_material,0.61,0,0.017,on_track
DELTA-0595,Telecom,18,0.48,0.087,0.433,135738.0,11334123,166409.0,13895151,8,9,4,fixed_bid,0.554,1,0.072,on_track
DELTA-0596,Telecom,9,0.353,0.357,0.29,210430.0,17570905,241279.0,20146796,8,8,1,outcome_based,0.545,1,0.041,on_track
DELTA-0597,Manufacturing,6,0.525,0.091,0.384,155087.0,12949764,173802.0,14512467,9,10,2,outcome_based,0.574,0,0.108,on_track
DELTA-0598,Energy,12,0.253,0.315,0.432,70070.0,5850845,87931.0,7342238,11,12,3,fixed_bid,0.605,1,0.09,at_risk
DELTA-0599,Telecom,9,0.32,0.18,0.5,50000.0,4175000,63387.0,5292814,11,12,5,outcome_based,0.559,1,0.098,at_risk
DELTA-0600,Government,14,0.363,0.137,0.5,125156.0,10450526,170029.0,14197421,8,9,4,outcome_based,0.553,2,0.173,failed
DELTA-0601,Manufacturing,5,0.6,0.189,0.211,445917.0,37234069,710902.0,59360317,8,10,3,time_and_material,0.621,2,0.097,failed
DELTA-0602,EdTech,20,0.1,0.4,0.5,615738.0,51414123,773300.0,64570550,8,10,0,time_and_material,0.582,3,0.055,at_risk
DELTA-0603,Telecom,10,0.51,0.096,0.394,578933.0,48340905,723772.0,60434962,17,17,4,fixed_bid,0.574,1,0.075,at_risk
DELTA-0604,Government,27,0.6,0.31,0.09,95385.0,7964647,117983.0,9851580,8,8,1,fixed_bid,0.595,1,0.078,on_track
DELTA-0605,Energy,12,0.441,0.221,0.338,70379.0,5876646,75472.0,6301912,8,8,1,time_and_material,0.486,0,0.019,on_track
DELTA-0606,Retail,14,0.192,0.494,0.314,310820.0,25953470,377410.0,31513735,8,8,2,time_and_material,0.603,1,0.083,at_risk
DELTA-0607,Energy,13,0.5,0.083,0.417,352071.0,29397928,491470.0,41037745,11,14,1,time_and_material,0.599,3,0.153,failed
DELTA-0608,EdTech,9,0.244,0.299,0.457,284973.0,23795245,394197.0,32915449,8,9,6,fixed_bid,0.52,1,0.076,failed
DELTA-0609,Telecom,65,0.152,0.348,0.5,50000.0,4175000,58254.0,4864209,13,14,3,time_and_material,0.493,2,0.189,on_track
DELTA-0610,EdTech,11,0.1,0.4,0.5,91108.0,7607518,107027.0,8936754,12,13,1,outcome_based,0.548,1,0.075,on_track
DELTA-0611,Manufacturing,27,0.309,0.191,0.5,193547.0,16161174,221813.0,18521385,8,8,4,time_and_material,0.581,1,0.109,on_track
DELTA-0612,Healthcare,7,0.176,0.324,0.5,308197.0,25734449,392320.0,32758720,9,10,2,fixed_bid,0.581,1,0.083,at_risk
DELTA-0613,Telecom,18,0.335,0.435,0.23,396557.0,33112509,547560.0,45721260,8,9,6,outcome_based,0.641,2,0.145,failed
DELTA-0614,Healthcare,19,0.502,0.381,0.117,226347.0,18899974,289399.0,24164816,8,8,1,fixed_bid,0.583,2,0.042,at_risk
DELTA-0615,Government,14,0.442,0.093,0.465,267722.0,22354787,319524.0,26680254,8,8,3,fixed_bid,0.515,0,0.078,on_track
DELTA-0616,Retail,10,0.504,0.178,0.318,214567.0,17916344,280405.0,23413817,10,12,1,outcome_based,0.561,2,0.111,failed
DELTA-0617,BFSI,12,0.455,0.209,0.336,368448.0,30765408,492266.0,41104211,11,12,4,time_and_material,0.541,2,0.129,at_risk
DELTA-0618,EdTech,11,0.35,0.476,0.174,263439.0,21997156,296537.0,24760839,10,11,3,time_and_material,0.572,0,0.066,on_track
DELTA-0619,Energy,62,0.5,0.083,0.417,210905.0,17610567,281213.0,23481285,8,10,2,time_and_material,0.654,5,0.101,failed
DELTA-0620,Retail,14,0.525,0.093,0.382,156133.0,13037105,200768.0,16764128,13,16,0,outcome_based,0.593,3,0.066,failed
DELTA-0621,Telecom,20,0.477,0.087,0.436,213878.0,17858813,290633.0,24267855,9,9,1,outcome_based,0.552,4,0.076,at_risk
DELTA-0622,Healthcare,43,0.244,0.502,0.254,307469.0,25673661,383420.0,32015570,13,14,1,time_and_material,0.596,2,0.135,at_risk
DELTA-0623,Energy,8,0.292,0.208,0.5,252894.0,21116649,269704.0,22520284,8,8,1,time_and_material,0.549,0,0.082,on_track
DELTA-0624,Healthcare,15,0.589,0.24,0.171,280055.0,23384592,328766.0,27451961,8,8,4,fixed_bid,0.461,0,0.066,on_track
DELTA-0625,Manufacturing,12,0.38,0.519,0.101,665603.0,55577850,710288.0,59309048,13,13,1,fixed_bid,0.521,0,0.023,on_track
DELTA-0626,Healthcare,14,0.525,0.107,0.368,252368.0,21072728,336254.0,28077209,8,9,2,time_and_material,0.615,2,0.113,at_risk
DELTA-0627,Manufacturing,13,0.435,0.364,0.201,110846.0,9255641,132625.0,11074187,8,8,1,outcome_based,0.609,1,0.068,at_risk
DELTA-0628,Government,9,0.279,0.368,0.353,440315.0,36766302,578819.0,48331386,9,10,3,fixed_bid,0.665,1,0.043,failed
DELTA-0629,Energy,16,0.51,0.093,0.397,58129.0,4853771,69994.0,5844499,15,17,1,time_and_material,0.588,2,0.042,at_risk
DELTA-0630,Energy,7,0.247,0.516,0.237,75111.0,6271768,89095.0,7439432,10,11,2,time_and_material,0.628,0,0.054,on_track
DELTA-0631,BFSI,26,0.101,0.705,0.194,268945.0,22456907,297161.0,24812943,10,11,2,time_and_material,0.6,1,0.059,on_track
DELTA-0632,Telecom,21,0.587,0.098,0.315,316398.0,26419233,405137.0,33828939,14,17,4,fixed_bid,0.62,1,0.078,at_risk
DELTA-0633,Manufacturing,11,0.475,0.165,0.36,64825.0,5412887,80762.0,6743627,9,10,3,outcome_based,0.622,0,0.08,at_risk
DELTA-0634,BFSI,11,0.339,0.351,0.31,140851.0,11761058,158058.0,13197843,8,8,1,time_and_material,0.615,0,0.09,on_track
DELTA-0635,Healthcare,17,0.529,0.088,0.383,115211.0,9620118,165130.0,13788355,13,14,4,time_and_material,0.613,2,0.099,failed
DELTA-0636,Healthcare,9,0.422,0.102,0.476,128282.0,10711547,162075.0,13533262,8,9,2,fixed_bid,0.554,1,0.049,at_risk
DELTA-0637,BFSI,44,0.334,0.281,0.385,464742.0,38805957,696736.0,58177456,12,14,3,fixed_bid,0.477,6,0.14,failed
DELTA-0638,Energy,18,0.6,0.191,0.209,375440.0,31349240,488273.0,40770795,8,9,4,outcome_based,0.598,2,0.056,failed
DELTA-0639,Healthcare,18,0.5,0.083,0.417,195397.0,16315649,260016.0,21711336,10,12,2,outcome_based,0.592,2,0.068,at_risk
DELTA-0640,EdTech,22,0.488,0.369,0.143,121617.0,10155019,154614.0,12910269,9,10,2,time_and_material,0.542,3,0.068,on_track
DELTA-0641,Government,10,0.6,0.107,0.293,59001.0,4926583,63152.0,5273192,16,15,3,time_and_material,0.521,0,0.041,on_track
DELTA-0642,Government,28,0.454,0.374,0.172,713663.0,59590860,1042696.0,87065116,8,10,4,outcome_based,0.577,5,0.163,failed
DELTA-0643,EdTech,15,0.6,0.222,0.178,338710.0,28282285,410238.0,34254873,8,8,2,fixed_bid,0.604,0,0.126,at_risk
DELTA-0644,BFSI,26,0.6,0.317,0.083,105239.0,8787456,133324.0,11132554,12,14,1,time_and_material,0.596,1,0.177,at_risk
DELTA-0645,EdTech,13,0.372,0.482,0.146,379890.0,31720815,476777.0,39810879,12,12,9,fixed_bid,0.533,0,0.157,at_risk
DELTA-0646,Manufacturing,32,0.333,0.44,0.227,186614.0,15582269,253045.0,21129257,9,12,2,time_and_material,0.54,6,0.18,at_risk
DELTA-0647,Manufacturing,18,0.519,0.087,0.394,153522.0,12819087,227029.0,18956921,8,11,3,time_and_material,0.597,4,0.093,failed
DELTA-0648,BFSI,55,0.6,0.111,0.289,294104.0,24557684,422427.0,35272654,8,10,2,time_and_material,0.608,5,0.156,failed
DELTA-0649,EdTech,11,0.221,0.622,0.157,101992.0,8516332,121940.0,10181990,14,16,2,fixed_bid,0.641,1,0.191,at_risk
DELTA-0650,Manufacturing,16,0.56,0.093,0.347,145891.0,12181898,168190.0,14043865,8,9,2,fixed_bid,0.564,1,0.067,on_track
DELTA-0651,Energy,8,0.5,0.303,0.197,221752.0,18516292,323514.0,27013419,11,14,1,outcome_based,0.653,3,0.115,failed
DELTA-0652,EdTech,10,0.589,0.098,0.313,126816.0,10589136,156972.0,13107162,8,8,3,outcome_based,0.58,1,0.053,at_risk
DELTA-0653,Energy,21,0.522,0.211,0.267,363006.0,30311001,439388.0,36688898,8,9,2,outcome_based,0.542,3,0.085,at_risk
DELTA-0654,Manufacturing,29,0.345,0.381,0.274,1068920.0,89254820,1482965.0,123827577,19,24,4,time_and_material,0.608,2,0.161,at_risk
DELTA-0655,Government,80,0.3,0.439,0.261,100823.0,8418720,109623.0,9153520,10,11,1,time_and_material,0.555,4,0.07,on_track
DELTA-0656,Manufacturing,14,0.469,0.088,0.443,50000.0,4175000,70049.0,5849091,19,22,2,time_and_material,0.583,3,0.129,failed
DELTA-0657,Energy,8,0.56,0.107,0.333,50000.0,4175000,55871.0,4665228,8,8,0,fixed_bid,0.596,0,0.068,on_track
DELTA-0658,Retail,23,0.137,0.693,0.17,173612.0,14496602,224566.0,18751261,12,13,3,time_and_material,0.588,3,0.092,at_risk
DELTA-0659,Telecom,7,0.511,0.254,0.235,109442.0,9138407,134076.0,11195346,8,9,2,time_and_material,0.616,0,0.157,at_risk
DELTA-0660,Healthcare,20,0.528,0.1,0.372,239683.0,20013530,322558.0,26933593,10,13,1,outcome_based,0.593,3,0.134,failed
DELTA-0661,EdTech,11,0.272,0.228,0.5,223985.0,18702747,283134.0,23641689,14,16,3,time_and_material,0.59,1,0.125,on_track
DELTA-0662,Retail,16,0.6,0.314,0.086,50000.0,4175000,66597.0,5560849,8,9,2,fixed_bid,0.573,2,0.045,at_risk
DELTA-0663,Manufacturing,28,0.447,0.379,0.174,50000.0,4175000,65027.0,5429754,8,9,2,fixed_bid,0.646,3,0.083,at_risk
DELTA-0664,Government,13,0.523,0.19,0.287,259455.0,21664492,335014.0,27973669,8,10,4,fixed_bid,0.634,1,0.084,at_risk
DELTA-0665,BFSI,26,0.6,0.287,0.113,224557.0,18750509,270457.0,22583159,8,8,2,time_and_material,0.608,1,0.076,on_track
DELTA-0666,Manufacturing,25,0.344,0.37,0.286,135504.0,11314584,181000.0,15113500,10,13,1,time_and_material,0.602,4,0.063,at_risk
DELTA-0667,Government,5,0.555,0.092,0.353,50000.0,4175000,68417.0,5712819,13,15,3,outcome_based,0.552,1,0.125,at_risk
DELTA-0668,Telecom,8,0.534,0.089,0.377,303838.0,25370473,386345.0,32259807,9,11,6,fixed_bid,0.572,0,0.057,at_risk
DELTA-0669,Manufacturing,5,0.483,0.092,0.425,624501.0,52145833,836864.0,69878144,13,15,0,fixed_bid,0.602,1,0.043,failed
DELTA-0670,Energy,49,0.199,0.504,0.297,255297.0,21317299,324513.0,27096835,10,11,1,fixed_bid,0.618,3,0.098,at_risk
DELTA-0671,BFSI,13,0.482,0.086,0.432,92713.0,7741535,108391.0,9050648,8,8,4,outcome_based,0.616,0,0.05,on_track
DELTA-0672,Government,43,0.261,0.592,0.147,206921.0,17277903,228455.0,19075992,8,7,1,fixed_bid,0.621,0,0.017,on_track
DELTA-0673,Government,5,0.5,0.083,0.417,58133.0,4854105,79151.0,6609108,13,17,3,fixed_bid,0.651,1,0.033,failed
DELTA-0674,Government,10,0.545,0.091,0.364,515124.0,43012854,559019.0,46678086,12,12,0,time_and_material,0.566,0,0.01,on_track
DELTA-0675,Telecom,24,0.349,0.533,0.118,213984.0,17867664,261495.0,21834832,11,12,4,outcome_based,0.63,1,0.049,at_risk
DELTA-0676,Manufacturing,16,0.269,0.543,0.188,50000.0,4175000,62907.0,5252734,8,9,2,time_and_material,0.613,3,0.072,at_risk
DELTA-0677,Telecom,20,0.508,0.085,0.407,151659.0,12663526,205101.0,17125933,8,10,2,fixed_bid,0.602,2,0.034,at_risk
DELTA-0678,EdTech,7,0.11,0.404,0.486,301634.0,25186439,341483.0,28513830,8,8,3,outcome_based,0.592,0,0.108,on_track
DELTA-0679,Healthcare,33,0.6,0.208,0.192,147304.0,12299884,207145.0,17296607,8,10,4,outcome_based,0.606,3,0.093,failed
DELTA-0680,Healthcare,23,0.377,0.419,0.204,155079.0,12949096,215162.0,17966027,8,10,5,fixed_bid,0.567,3,0.182,failed
DELTA-0681,EdTech,18,0.251,0.544,0.205,66041.0,5514423,75134.0,6273689,8,9,2,fixed_bid,0.596,0,0.098,on_track
DELTA-0682,Manufacturing,9,0.491,0.097,0.412,331004.0,27638834,432567.0,36119344,12,15,1,time_and_material,0.601,2,0.068,at_risk
DELTA-0683,Energy,18,0.512,0.254,0.234,110899.0,9260066,137252.0,11460542,8,9,3,time_and_material,0.605,1,0.062,at_risk
DELTA-0684,Telecom,12,0.418,0.097,0.485,50000.0,4175000,59693.0,4984365,8,8,3,fixed_bid,0.512,1,0.083,on_track
DELTA-0685,BFSI,5,0.385,0.304,0.311,142324.0,11884054,194093.0,16206765,8,8,9,outcome_based,0.52,0,0.093,at_risk
DELTA-0686,Government,14,0.422,0.096,0.482,480717.0,40139869,596768.0,49830128,8,8,5,time_and_material,0.538,1,0.067,on_track
DELTA-0687,Government,13,0.312,0.395,0.293,140331.0,11717638,171396.0,14311566,8,9,4,fixed_bid,0.582,0,0.086,on_track
DELTA-0688,Manufacturing,28,0.303,0.421,0.276,949970.0,79322495,1367569.0,114192011,25,31,4,time_and_material,0.541,5,0.13,failed
DELTA-0689,Energy,5,0.443,0.189,0.368,292456.0,24420076,338092.0,28230682,14,15,1,time_and_material,0.598,0,0.083,on_track
DELTA-0690,Healthcare,17,0.434,0.335,0.231,269650.0,22515775,341407.0,28507484,14,16,2,time_and_material,0.626,1,0.088,at_risk
DELTA-0691,Healthcare,7,0.407,0.183,0.41,177094.0,14787349,203069.0,16956261,14,16,3,outcome_based,0.626,0,0.095,at_risk
DELTA-0692,Government,18,0.5,0.083,0.417,186939.0,15609406,222361.0,18567143,8,9,2,fixed_bid,0.594,2,0.094,at_risk
DELTA-0693,Manufacturing,18,0.535,0.212,0.253,156830.0,13095305,182051.0,15201258,8,8,4,fixed_bid,0.623,0,0.095,at_risk
DELTA-0694,Telecom,14,0.516,0.227,0.257,151441.0,12645323,169446.0,14148741,8,8,0,time_and_material,0.549,1,0.06,on_track
DELTA-0695,Healthcare,24,0.38,0.443,0.177,320545.0,26765507,389179.0,32496446,16,18,4,time_and_material,0.575,2,0.14,at_risk
DELTA-0696,Telecom,7,0.292,0.224,0.484,85626.0,7149771,109153.0,9114275,8,8,2,time_and_material,0.549,1,0.035,at_risk
DELTA-0697,Energy,28,0.317,0.42,0.263,75485.0,6302997,94474.0,7888579,8,9,5,time_and_material,0.62,2,0.153,at_risk
DELTA-0698,Healthcare,9,0.23,0.448,0.322,72339.0,6040306,90782.0,7580297,8,9,2,time_and_material,0.658,1,0.055,at_risk
DELTA-0699,Healthcare,5,0.6,0.175,0.225,1253047.0,104629424,1556952.0,130005492,15,18,3,time_and_material,0.56,0,0.081,at_risk
DELTA-0700,Retail,12,0.554,0.256,0.19,320394.0,26752899,366232.0,30580372,11,11,4,time_and_material,0.489,0,0.082,on_track
DELTA-0701,Healthcare,5,0.443,0.417,0.14,261461.0,21831993,283551.0,23676508,10,10,1,time_and_material,0.535,0,0.148,on_track
DELTA-0702,EdTech,17,0.32,0.354,0.326,76744.0,6408124,111636.0,9321606,8,9,5,outcome_based,0.548,3,0.142,failed
DELTA-0703,BFSI,12,0.406,0.361,0.233,348365.0,29088477,375303.0,31337800,13,13,4,fixed_bid,0.517,0,0.058,on_track
DELTA-0704,EdTech,31,0.6,0.267,0.133,178990.0,14945665,204604.0,17084434,8,9,1,time_and_material,0.569,1,0.034,on_track
DELTA-0705,Manufacturing,21,0.499,0.087,0.414,241048.0,20127508,266679.0,22267696,8,8,1,outcome_based,0.588,0,0.075,at_risk
DELTA-0706,Manufacturing,6,0.583,0.097,0.32,82540.0,6892090,107146.0,8946691,11,13,2,fixed_bid,0.603,1,0.068,at_risk
DELTA-0707,Telecom,8,0.427,0.348,0.225,229633.0,19174355,257280.0,21482880,8,7,2,time_and_material,0.492,0,0.119,on_track
DELTA-0708,EdTech,20,0.411,0.237,0.352,135747.0,11334874,175321.0,14639303,8,8,2,time_and_material,0.556,3,0.14,at_risk
DELTA-0709,EdTech,24,0.53,0.088,0.382,99802.0,8333467,111804.0,9335634,11,11,4,time_and_material,0.576,0,0.025,on_track
DELTA-0710,EdTech,30,0.353,0.452,0.195,384883.0,32137730,428542.0,35783257,8,8,2,fixed_bid,0.532,1,0.128,on_track
DELTA-0711,Energy,30,0.412,0.472,0.116,50000.0,4175000,66025.0,5513087,8,9,4,time_and_material,0.586,1,0.113,at_risk
DELTA-0712,Healthcare,14,0.354,0.395,0.251,330479.0,27594996,397206.0,33166701,12,14,2,fixed_bid,0.569,1,0.092,at_risk
DELTA-0713,BFSI,18,0.6,0.163,0.237,368073.0,30734095,521408.0,43537568,20,24,5,time_and_material,0.554,3,0.134,at_risk
DELTA-0714,Telecom,32,0.498,0.104,0.398,90068.0,7520678,109013.0,9102585,11,11,4,fixed_bid,0.544,1,0.09,on_track
DELTA-0715,EdTech,12,0.424,0.096,0.48,95006.0,7933001,127469.0,10643661,10,12,3,time_and_material,0.599,3,0.052,failed
DELTA-0716,EdTech,18,0.5,0.083,0.417,162637.0,13580189,188833.0,15767555,11,12,2,time_and_material,0.541,1,0.081,on_track
DELTA-0717,Retail,12,0.255,0.304,0.441,256230.0,21395205,338305.0,28248467,8,9,4,outcome_based,0.501,1,0.061,at_risk
DELTA-0718,Telecom,10,0.6,0.171,0.229,173239.0,14465456,229703.0,19180200,9,11,3,time_and_material,0.574,1,0.161,at_risk
DELTA-0719,EdTech,15,0.6,0.35,0.05,293668.0,24521278,326763.0,27284710,9,9,2,time_and_material,0.559,0,0.078,on_track
DELTA-0720,Telecom,9,0.356,0.289,0.355,971582.0,81127097,1374156.0,114742026,16,19,5,fixed_bid,0.522,2,0.112,at_risk
DELTA-0721,Healthcare,13,0.48,0.406,0.114,125876.0,10510646,166115.0,13870602,9,10,0,fixed_bid,0.584,2,0.112,at_risk
DELTA-0722,Retail,7,0.225,0.38,0.395,50000.0,4175000,61834.0,5163139,9,9,5,fixed_bid,0.59,0,0.108,at_risk
DELTA-0723,Telecom,13,0.586,0.098,0.316,418039.0,34906256,448257.0,37429459,9,10,1,fixed_bid,0.541,1,0.053,on_track
DELTA-0724,BFSI,19,0.6,0.262,0.138,904360.0,75514060,1089703.0,90990200,14,16,1,time_and_material,0.62,1,0.018,at_risk
DELTA-0725,BFSI,10,0.369,0.355,0.276,283081.0,23637263,319660.0,26691610,8,8,1,time_and_material,0.59,1,0.079,on_track
DELTA-0726,Manufacturing,14,0.541,0.093,0.366,74684.0,6236114,90279.0,7538296,8,8,2,fixed_bid,0.582,1,0.084,on_track
DELTA-0727,Retail,16,0.441,0.192,0.367,177814.0,14847469,252982.0,21123997,15,18,3,outcome_based,0.588,3,0.152,failed
DELTA-0728,Retail,19,0.254,0.445,0.301,72644.0,6065774,81989.0,6846081,9,9,2,outcome_based,0.511,0,0.026,on_track
DELTA-0729,Manufacturing,13,0.444,0.494,0.062,354537.0,29603839,423755.0,35383542,10,10,4,fixed_bid,0.632,0,0.112,at_risk
DELTA-0730,Telecom,28,0.429,0.106,0.465,58914.0,4919319,68318.0,5704553,17,19,2,outcome_based,0.596,1,0.086,on_track
DELTA-0731,Retail,5,0.547,0.091,0.362,151733.0,12669705,165570.0,13825095,8,8,2,outcome_based,0.542,0,0.083,on_track
DELTA-0732,BFSI,80,0.6,0.136,0.264,80506.0,6722251,113059.0,9440426,8,9,3,outcome_based,0.573,4,0.174,at_risk
DELTA-0733,BFSI,8,0.571,0.095,0.334,222825.0,18605887,270230.0,22564205,17,19,5,time_and_material,0.578,0,0.083,on_track
DELTA-0734,EdTech,18,0.182,0.603,0.215,142956.0,11936826,183266.0,15302711,8,9,2,time_and_material,0.593,2,0.058,at_risk
DELTA-0735,Healthcare,8,0.235,0.265,0.5,233068.0,19461178,262614.0,21928269,8,8,1,fixed_bid,0.663,0,0.05,on_track
DELTA-0736,Retail,21,0.309,0.301,0.39,202828.0,16936138,243005.0,20290917,8,9,3,time_and_material,0.528,2,0.073,on_track
DELTA-0737,Telecom,17,0.487,0.093,0.42,81797.0,6830049,99051.0,8270758,10,10,2,time_and_material,0.524,2,0.077,on_track
DELTA-0738,Manufacturing,10,0.421,0.097,0.482,349475.0,29181162,489433.0,40867655,12,13,4,time_and_material,0.49,3,0.102,at_risk
DELTA-0739,Manufacturing,28,0.25,0.582,0.168,190253.0,15886125,306456.0,25589076,8,11,3,outcome_based,0.581,8,0.198,failed
DELTA-0740,Telecom,13,0.106,0.745,0.149,81660.0,6818610,105429.0,8803321,8,9,3,time_and_material,0.593,2,0.14,at_risk
DELTA-0741,Energy,20,0.6,0.146,0.254,1493800.0,124732300,2077624.0,173481604,16,20,1,time_and_material,0.587,3,0.113,failed
DELTA-0742,Government,8,0.455,0.091,0.454,305219.0,25485786,350613.0,29276185,11,11,0,outcome_based,0.562,0,0.065,on_track
DELTA-0743,Healthcare,14,0.6,0.212,0.188,173176.0,14460196,272301.0,22737133,8,10,8,outcome_based,0.608,2,0.113,failed
DELTA-0744,Manufacturing,49,0.358,0.429,0.213,710471.0,59324328,1069295.0,89286132,18,23,2,time_and_material,0.56,10,0.235,failed
DELTA-0745,Retail,26,0.547,0.097,0.356,1043023.0,87092420,1305526.0,109011421,19,21,4,time_and_material,0.625,0,0.155,at_risk
DELTA-0746,Healthcare,17,0.177,0.337,0.486,174413.0,14563485,230957.0,19284909,8,9,0,time_and_material,0.622,2,0.164,at_risk
DELTA-0747,Retail,11,0.233,0.429,0.338,271755.0,22691542,298012.0,24884002,8,8,3,time_and_material,0.545,0,0.09,on_track
DELTA-0748,Energy,15,0.517,0.295,0.188,81699.0,6821866,98608.0,8233768,8,8,4,time_and_material,0.56,1,0.098,on_track
DELTA-0749,BFSI,16,0.571,0.095,0.334,174124.0,14539354,217722.0,18179787,8,9,4,fixed_bid,0.568,1,0.104,at_risk
DELTA-0750,Healthcare,19,0.6,0.161,0.239,166182.0,13876197,229476.0,19161246,8,9,2,fixed_bid,0.659,2,0.133,failed
DELTA-0751,EdTech,7,0.324,0.554,0.122,234765.0,19602877,265983.0,22209580,8,8,2,time_and_material,0.541,0,0.021,on_track
DELTA-0752,Manufacturing,22,0.477,0.293,0.23,268198.0,22394533,439847.0,36727224,17,24,4,outcome_based,0.617,5,0.146,failed
DELTA-0753,Healthcare,7,0.298,0.254,0.448,329010.0,27472335,368120.0,30738020,14,16,0,fixed_bid,0.514,1,0.045,on_track
DELTA-0754,Healthcare,39,0.6,0.135,0.265,246194.0,20557199,359133.0,29987605,14,19,4,time_and_material,0.621,6,0.159,failed
DELTA-0755,Healthcare,9,0.6,0.231,0.169,66858.0,5582643,71183.0,5943780,9,9,0,time_and_material,0.607,0,0.087,on_track
DELTA-0756,Government,17,0.5,0.083,0.417,85423.0,7132820,103870.0,8673145,8,9,3,fixed_bid,0.574,1,0.071,at_risk
DELTA-0757,Healthcare,27,0.513,0.252,0.235,121568.0,10150928,142947.0,11936074,8,9,0,fixed_bid,0.613,2,0.026,on_track
DELTA-0758,Retail,12,0.301,0.556,0.143,154196.0,12875366,192544.0,16077424,13,16,7,outcome_based,0.558,0,0.154,at_risk
DELTA-0759,BFSI,18,0.296,0.453,0.251,511803.0,42735550,592904.0,49507484,8,9,2,fixed_bid,0.534,1,0.068,on_track
DELTA-0760,Energy,35,0.6,0.116,0.284,69797.0,5828049,90790.0,7580965,11,13,2,time_and_material,0.654,3,0.12,failed
DELTA-0761,Telecom,20,0.38,0.464,0.156,144109.0,12033101,169623.0,14163520,20,23,1,outcome_based,0.564,2,0.152,at_risk
DELTA-0762,Healthcare,18,0.271,0.438,0.291,468695.0,39136032,570840.0,47665140,16,19,4,time_and_material,0.597,2,0.114,on_track
DELTA-0763,Manufacturing,5,0.489,0.193,0.318,151768.0,12672628,193336.0,16143556,15,16,6,time_and_material,0.619,0,0.056,at_risk
DELTA-0764,Healthcare,8,0.569,0.183,0.248,300852.0,25121142,361754.0,30206459,10,11,2,time_and_material,0.603,0,0.149,on_track
DELTA-0765,Manufacturing,27,0.326,0.393,0.281,175327.0,14639804,224116.0,18713686,13,17,1,outcome_based,0.61,2,0.058,at_risk
DELTA-0766,Retail,20,0.6,0.205,0.195,250472.0,20914412,281245.0,23483957,8,8,1,outcome_based,0.611,0,0.102,on_track
DELTA-0767,Manufacturing,22,0.199,0.534,0.267,161841.0,13513723,200203.0,16716950,12,12,0,outcome_based,0.636,1,0.055,on_track
DELTA-0768,EdTech,21,0.15,0.605,0.245,362347.0,30255974,433176.0,36170196,13,13,4,outcome_based,0.585,0,0.071,at_risk
DELTA-0769,Telecom,32,0.486,0.218,0.296,50000.0,4175000,53335.0,4453472,9,9,1,time_and_material,0.575,0,0.059,on_track
DELTA-0770,BFSI,12,0.453,0.314,0.233,143346.0,11969391,166847.0,13931724,15,16,3,outcome_based,0.517,0,0.08,on_track
DELTA-0771,Manufacturing,15,0.5,0.083,0.417,259604.0,21676934,313517.0,26178669,8,8,4,time_and_material,0.587,0,0.055,on_track
DELTA-0772,Manufacturing,8,0.515,0.184,0.301,321362.0,26833727,431862.0,36060477,8,9,6,fixed_bid,0.619,0,0.095,failed
DELTA-0773,BFSI,6,0.6,0.29,0.11,761966.0,63624161,899055.0,75071092,13,14,4,fixed_bid,0.527,0,0.072,at_risk
DELTA-0774,Telecom,5,0.247,0.416,0.337,139815.0,11674552,164820.0,13762470,8,8,6,time_and_material,0.573,0,0.137,on_track
DELTA-0775,Healthcare,8,0.471,0.255,0.274,752783.0,62857380,1015823.0,84821220,14,17,4,time_and_material,0.595,1,0.057,at_risk
DELTA-0776,Manufacturing,37,0.428,0.156,0.416,109850.0,9172475,161663.0,13498860,8,10,4,outcome_based,0.648,4,0.087,failed
DELTA-0777,BFSI,5,0.29,0.21,0.5,657225.0,54878287,818739.0,68364706,17,20,0,outcome_based,0.527,1,0.091,at_risk
DELTA-0778,EdTech,12,0.275,0.484,0.241,414869.0,34641561,558624.0,46645104,10,12,1,fixed_bid,0.625,1,0.127,failed
DELTA-0779,EdTech,6,0.26,0.24,0.5,87368.0,7295228,115513.0,9645335,8,10,5,time_and_material,0.622,1,0.055,at_risk
DELTA-0780,Retail,10,0.319,0.224,0.457,262061.0,21882093,304958.0,25463993,8,9,4,fixed_bid,0.568,0,0.058,on_track
DELTA-0781,BFSI,16,0.275,0.451,0.274,189830.0,15850805,216854.0,18107309,8,7,1,time_and_material,0.548,0,0.106,on_track
DELTA-0782,Retail,9,0.443,0.239,0.318,349069.0,29147261,519372.0,43367562,13,17,2,time_and_material,0.561,3,0.152,failed
DELTA-0783,EdTech,28,0.412,0.098,0.49,162601.0,13577183,219342.0,18315057,11,13,2,time_and_material,0.598,3,0.153,at_risk
DELTA-0784,Telecom,37,0.386,0.22,0.394,150765.0,12588877,189797.0,15848049,8,10,3,outcome_based,0.563,3,0.09,at_risk
DELTA-0785,Healthcare,5,0.579,0.167,0.254,681591.0,56912848,844611.0,70525018,8,9,2,fixed_bid,0.61,0,0.01,at_risk
DELTA-0786,BFSI,9,0.193,0.332,0.475,181888.0,15187648,213606.0,17836101,12,13,3,time_and_material,0.538,1,0.074,on_track
DELTA-0787,Energy,15,0.295,0.301,0.404,418227.0,34921954,465820.0,38895970,8,8,1,fixed_bid,0.64,0,0.028,on_track
DELTA-0788,EdTech,29,0.16,0.472,0.368,162297.0,13551799,199419.0,16651486,9,9,3,fixed_bid,0.595,1,0.108,at_risk
DELTA-0789,EdTech,11,0.453,0.099,0.448,890908.0,74390818,1107282.0,92458047,14,15,5,fixed_bid,0.513,1,0.095,at_risk
DELTA-0790,Energy,14,0.13,0.719,0.151,107958.0,9014493,143837.0,12010389,9,12,1,outcome_based,0.642,3,0.16,failed
DELTA-0791,Government,7,0.489,0.146,0.365,114378.0,9550563,127856.0,10675976,12,12,0,fixed_bid,0.622,0,0.028,on_track
DELTA-0792,EdTech,5,0.444,0.312,0.244,783922.0,65457487,1094804.0,91416134,8,10,5,outcome_based,0.603,1,0.175,failed
DELTA-0793,Manufacturing,35,0.5,0.083,0.417,133192.0,11121532,150732.0,12586122,8,8,3,time_and_material,0.62,0,0.155,on_track
DELTA-0794,Telecom,5,0.519,0.087,0.394,839840.0,70126640,1013430.0,84621405,10,11,1,time_and_material,0.617,0,0.13,at_risk
DELTA-0795,BFSI,60,0.403,0.142,0.455,443590.0,37039765,694781.0,58014213,19,26,5,fixed_bid,0.567,8,0.178,failed
DELTA-0796,Energy,22,0.5,0.083,0.417,172959.0,14442076,221991.0,18536248,18,19,1,fixed_bid,0.599,2,0.118,at_risk
DELTA-0797,Manufacturing,22,0.165,0.53,0.305,50000.0,4175000,50015.0,4176252,17,17,0,time_and_material,0.502,0,0.041,on_track
DELTA-0798,Energy,21,0.494,0.127,0.379,195362.0,16312727,254177.0,21223779,8,9,2,time_and_material,0.606,1,0.076,at_risk
DELTA-0799,BFSI,12,0.6,0.186,0.214,217829.0,18188721,246334.0,20568889,8,9,0,fixed_bid,0.64,1,0.036,at_risk
DELTA-0800,Retail,18,0.31,0.44,0.25,568351.0,47457308,610229.0,50954121,8,8,2,time_and_material,0.548,0,0.082,on_track
DELTA-0801,BFSI,13,0.502,0.124,0.374,830349.0,69334141,1013311.0,84611468,10,11,3,time_and_material,0.621,0,0.108,at_risk
DELTA-0802,Government,20,0.221,0.518,0.261,107313.0,8960635,141838.0,11843473,8,10,1,outcome_based,0.672,2,0.119,at_risk
DELTA-0803,BFSI,14,0.17,0.395,0.435,408833.0,34137555,560268.0,46782378,17,19,4,time_and_material,0.64,1,0.102,at_risk
DELTA-0804,BFSI,8,0.426,0.287,0.287,395878.0,33055813,447078.0,37331013,14,15,1,time_and_material,0.616,0,0.075,on_track
DELTA-0805,Government,8,0.227,0.693,0.08,522338.0,43615223,503091.0,42008098,12,13,1,time_and_material,0.537,0,0.02,on_track
DELTA-0806,Telecom,8,0.173,0.327,0.5,311396.0,26001566,430986.0,35987331,8,10,3,outcome_based,0.533,2,0.093,failed
DELTA-0807,EdTech,26,0.289,0.569,0.142,50000.0,4175000,61991.0,5176248,8,8,5,time_and_material,0.641,0,0.078,at_risk
DELTA-0808,BFSI,10,0.196,0.369,0.435,172839.0,14432056,217789.0,18185381,10,11,2,time_and_material,0.619,1,0.094,on_track
DELTA-0809,Government,5,0.459,0.302,0.239,70253.0,5866125,80024.0,6682004,11,12,4,outcome_based,0.593,0,0.026,at_risk
DELTA-0810,Manufacturing,18,0.279,0.532,0.189,165653.0,13832025,184790.0,15429965,10,10,3,time_and_material,0.566,0,0.067,on_track
DELTA-0811,Retail,36,0.403,0.326,0.271,480222.0,40098537,555590.0,46391765,8,9,1,fixed_bid,0.583,1,0.074,on_track
DELTA-0812,Retail,23,0.231,0.694,0.075,261616.0,21844936,343844.0,28710974,12,14,3,fixed_bid,0.66,1,0.135,at_risk
DELTA-0813,BFSI,10,0.466,0.089,0.445,558651.0,46647358,807265.0,67406627,13,17,4,outcome_based,0.57,2,0.118,failed
DELTA-0814,Telecom,5,0.177,0.634,0.189,270378.0,22576563,283450.0,23668075,8,7,0,time_and_material,0.608,0,0.095,on_track
DELTA-0815,Telecom,13,0.329,0.484,0.187,61790.0,5159465,68815.0,5746052,8,8,1,time_and_material,0.599,1,0.102,at_risk
DELTA-0816,Manufacturing,13,0.241,0.666,0.093,50000.0,4175000,57585.0,4808347,11,12,1,outcome_based,0.546,1,0.045,on_track
DELTA-0817,BFSI,8,0.51,0.345,0.145,227277.0,18977629,236604.0,19756434,8,7,1,time_and_material,0.595,0,0.081,on_track
DELTA-0818,Retail,20,0.6,0.14,0.26,163974.0,13691829,216589.0,18085181,16,18,3,fixed_bid,0.645,1,0.082,failed
DELTA-0819,Telecom,45,0.546,0.093,0.361,82516.0,6890086,105531.0,8811838,10,12,1,time_and_material,0.625,4,0.159,at_risk
DELTA-0820,BFSI,17,0.5,0.083,0.417,50000.0,4175000,67239.0,5614456,8,9,5,time_and_material,0.546,2,0.102,at_risk
DELTA-0821,Energy,16,0.115,0.725,0.16,102614.0,8568269,117791.0,9835548,8,8,0,time_and_material,0.559,2,0.084,on_track
DELTA-0822,Telecom,8,0.348,0.518,0.134,166867.0,13933394,171738.0,14340123,9,9,2,time_and_material,0.538,0,0.095,on_track
DELTA-0823,Government,34,0.6,0.246,0.154,361960.0,30223660,479352.0,40025892,8,10,3,fixed_bid,0.619,2,0.105,failed
DELTA-0824,Energy,14,0.367,0.232,0.401,235571.0,19670178,259901.0,21701733,8,8,2,outcome_based,0.562,0,0.053,on_track
DELTA-0825,EdTech,10,0.511,0.321,0.168,845142.0,70569357,1015532.0,84796922,17,19,5,time_and_material,0.574,1,0.077,at_risk
DELTA-0826,Telecom,15,0.404,0.255,0.341,78272.0,6535712,114276.0,9542046,12,15,1,fixed_bid,0.608,4,0.131,failed
DELTA-0827,Retail,19,0.418,0.124,0.458,439306.0,36682051,481449.0,40200991,13,12,2,time_and_material,0.505,0,0.067,on_track
DELTA-0828,Healthcare,16,0.259,0.624,0.117,207434.0,17320739,261330.0,21821055,16,19,3,time_and_material,0.573,2,0.073,at_risk
DELTA-0829,Energy,30,0.35,0.511,0.139,371462.0,31017077,513988.0,42917998,8,11,1,outcome_based,0.578,4,0.124,failed
DELTA-0830,EdTech,18,0.577,0.096,0.327,134206.0,11206201,173573.0,14493345,16,19,3,time_and_material,0.572,2,0.173,failed
DELTA-0831,Manufacturing,12,0.507,0.085,0.408,521524.0,43547254,546421.0,45626153,8,8,1,time_and_material,0.555,0,0.054,on_track
DELTA-0832,Manufacturing,18,0.534,0.089,0.377,259289.0,21650631,350825.0,29293887,8,10,6,time_and_material,0.549,3,0.162,failed
DELTA-0833,Retail,20,0.6,0.338,0.062,107850.0,9005475,125331.0,10465138,8,9,1,fixed_bid,0.583,1,0.069,at_risk
DELTA-0834,Telecom,6,0.286,0.214,0.5,196649.0,16420191,223970.0,18701495,8,9,3,outcome_based,0.554,0,0.078,on_track
DELTA-0835,BFSI,29,0.552,0.092,0.356,160235.0,13379622,202068.0,16872678,8,9,2,fixed_bid,0.603,0,0.213,at_risk
DELTA-0836,Telecom,12,0.541,0.245,0.214,308741.0,25779873,338205.0,28240117,12,14,1,time_and_material,0.559,1,0.072,at_risk
DELTA-0837,Retail,12,0.105,0.512,0.383,68747.0,5740374,74816.0,6247136,9,9,3,time_and_material,0.551,0,0.088,on_track
DELTA-0838,Manufacturing,23,0.523,0.291,0.186,193606.0,16166101,223332.0,18648222,8,8,8,time_and_material,0.586,0,0.088,on_track
DELTA-0839,Telecom,23,0.449,0.134,0.417,283729.0,23691371,368038.0,30731173,8,9,1,outcome_based,0.56,2,0.061,at_risk
DELTA-0840,Manufacturing,9,0.6,0.176,0.224,204786.0,17099631,268067.0,22383594,8,10,3,fixed_bid,0.673,1,0.051,failed
DELTA-0841,Energy,24,0.6,0.322,0.078,668136.0,55789356,864787.0,72209714,8,9,3,time_and_material,0.62,3,0.218,at_risk
DELTA-0842,EdTech,10,0.466,0.178,0.356,398961.0,33313243,431871.0,36061228,8,8,2,time_and_material,0.631,0,0.108,on_track
DELTA-0843,BFSI,44,0.347,0.312,0.341,197455.0,16487492,253315.0,21151802,8,9,2,time_and_material,0.54,3,0.113,at_risk
DELTA-0844,Energy,9,0.188,0.413,0.399,241595.0,20173182,305187.0,25483114,16,20,1,time_and_material,0.569,3,0.101,failed
DELTA-0845,Manufacturing,17,0.438,0.426,0.136,259392.0,21659232,322094.0,26894849,10,11,4,time_and_material,0.513,1,0.058,on_track
DELTA-0846,Manufacturing,9,0.517,0.086,0.397,285777.0,23862379,356470.0,29765245,12,14,5,time_and_material,0.566,1,0.143,at_risk
DELTA-0847,Healthcare,56,0.255,0.366,0.379,50000.0,4175000,74556.0,6225426,8,9,4,time_and_material,0.566,7,0.17,failed
DELTA-0848,Healthcare,7,0.51,0.259,0.231,151543.0,12653840,182949.0,15276241,14,16,0,outcome_based,0.577,1,0.096,at_risk
DELTA-0849,Energy,20,0.6,0.155,0.245,52260.0,4363710,66526.0,5554921,14,17,0,time_and_material,0.604,2,0.028,at_risk
DELTA-0850,Government,9,0.277,0.223,0.5,628098.0,52446183,644775.0,53838712,8,7,1,time_and_material,0.597,0,0.022,on_track
DELTA-0851,Energy,12,0.591,0.099,0.31,188195.0,15714282,233019.0,19457086,8,9,2,outcome_based,0.62,1,0.125,failed
DELTA-0852,Healthcare,19,0.381,0.151,0.468,167040.0,13947840,200250.0,16720875,11,12,3,fixed_bid,0.554,2,0.095,at_risk
DELTA-0853,Manufacturing,31,0.439,0.22,0.341,445573.0,37205345,599057.0,50021259,14,17,2,fixed_bid,0.572,4,0.151,at_risk
DELTA-0854,Retail,39,0.476,0.087,0.437,290713.0,24274535,463613.0,38711685,8,10,4,outcome_based,0.532,8,0.187,failed
DELTA-0855,Energy,5,0.257,0.367,0.376,71986.0,6010831,83347.0,6959474,8,8,2,fixed_bid,0.588,0,0.135,on_track
DELTA-0856,Manufacturing,17,0.461,0.096,0.443,186499.0,15572666,227325.0,18981637,8,9,0,fixed_bid,0.647,0,0.098,at_risk
DELTA-0857,Retail,35,0.252,0.447,0.301,147023.0,12276420,165692.0,13835282,9,9,1,outcome_based,0.58,0,0.087,on_track
DELTA-0858,Retail,5,0.25,0.371,0.379,50000.0,4175000,60075.0,5016262,13,15,1,fixed_bid,0.599,1,0.071,at_risk
DELTA-0859,Healthcare,17,0.581,0.097,0.322,106804.0,8918134,120031.0,10022588,8,9,1,time_and_material,0.614,0,0.081,on_track
DELTA-0860,Energy,14,0.361,0.539,0.1,168520.0,14071420,218582.0,18251597,13,15,2,outcome_based,0.559,2,0.062,at_risk
DELTA-0861,Telecom,19,0.491,0.095,0.414,179251.0,14967458,210455.0,17572992,8,9,4,time_and_material,0.609,1,0.068,on_track
DELTA-0862,BFSI,9,0.6,0.104,0.296,52364.0,4372394,69925.0,5838737,8,9,3,fixed_bid,0.556,1,0.1,failed
DELTA-0863,Healthcare,6,0.539,0.22,0.241,560452.0,46797742,682375.0,56978312,15,17,5,outcome_based,0.579,0,0.162,at_risk
DELTA-0864,Healthcare,5,0.6,0.214,0.186,181336.0,15141556,213362.0,17815727,13,15,0,outcome_based,0.565,1,0.011,at_risk
DELTA-0865,Telecom,26,0.462,0.482,0.056,205622.0,17169437,280737.0,23441539,13,15,3,time_and_material,0.576,3,0.149,failed
DELTA-0866,BFSI,28,0.5,0.083,0.417,285094.0,23805349,388995.0,32481082,8,9,1,time_and_material,0.623,4,0.121,failed
DELTA-0867,Manufacturing,17,0.224,0.436,0.34,97805.0,8166717,120205.0,10037117,8,9,2,fixed_bid,0.614,2,0.119,failed
DELTA-0868,Government,10,0.48,0.245,0.275,299754.0,25029459,296421.0,24751153,13,13,1,time_and_material,0.546,0,0.031,on_track
DELTA-0869,Energy,5,0.495,0.248,0.257,142861.0,11928893,158658.0,13247943,8,7,1,fixed_bid,0.575,0,0.01,on_track
DELTA-0870,Government,20,0.349,0.251,0.4,88705.0,7406867,129833.0,10841055,8,10,3,time_and_material,0.49,5,0.181,failed
DELTA-0871,Manufacturing,7,0.491,0.149,0.36,333068.0,27811178,371228.0,30997538,12,13,2,time_and_material,0.543,1,0.066,on_track
DELTA-0872,EdTech,9,0.461,0.292,0.247,761089.0,63550931,906531.0,75695338,9,10,3,time_and_material,0.645,0,0.054,at_risk
DELTA-0873,Healthcare,10,0.193,0.667,0.14,381683.0,31870530,461442.0,38530407,19,21,3,time_and_material,0.572,1,0.051,on_track
DELTA-0874,BFSI,13,0.538,0.176,0.286,456196.0,38092366,553423.0,46210820,18,19,1,time_and_material,0.551,1,0.088,at_risk
DELTA-0875,Healthcare,9,0.398,0.102,0.5,124421.0,10389153,133705.0,11164367,11,11,4,time_and_material,0.582,0,0.099,on_track
DELTA-0876,Retail,15,0.6,0.139,0.261,50000.0,4175000,59647.0,4980524,14,16,3,time_and_material,0.605,0,0.075,on_track
DELTA-0877,Healthcare,10,0.38,0.264,0.356,760038.0,63463173,1167314.0,97470719,13,16,4,time_and_material,0.657,2,0.069,failed
DELTA-0878,Healthcare,22,0.356,0.437,0.207,1263079.0,105467096,1456168.0,121590028,20,22,2,time_and_material,0.561,1,0.033,on_track
DELTA-0879,Manufacturing,27,0.354,0.262,0.384,796933.0,66543905,1017696.0,84977616,20,23,6,time_and_material,0.563,2,0.038,at_risk
DELTA-0880,Manufacturing,15,0.574,0.187,0.239,146941.0,12269573,168607.0,14078684,9,10,4,time_and_material,0.574,0,0.069,on_track
DELTA-0881,Manufacturing,19,0.6,0.209,0.191,70321.0,5871803,82156.0,6860026,8,9,3,time_and_material,0.626,0,0.18,at_risk
DELTA-0882,Government,53,0.314,0.186,0.5,76182.0,6361197,102499.0,8558666,8,8,5,time_and_material,0.582,2,0.154,at_risk
DELTA-0883,Retail,7,0.539,0.324,0.137,50000.0,4175000,59884.0,5000314,8,9,1,fixed_bid,0.659,0,0.096,at_risk
DELTA-0884,EdTech,7,0.266,0.234,0.5,180477.0,15069829,211725.0,17679037,13,14,4,outcome_based,0.584,0,0.01,on_track
DELTA-0885,EdTech,22,0.398,0.304,0.298,843327.0,70417804,1168867.0,97600394,18,23,0,fixed_bid,0.654,4,0.097,failed
DELTA-0886,Manufacturing,47,0.157,0.412,0.431,174993.0,14611915,191566.0,15995761,11,12,1,outcome_based,0.548,2,0.043,on_track
DELTA-0887,BFSI,12,0.148,0.513,0.339,260951.0,21789408,338242.0,28243207,8,8,3,outcome_based,0.571,1,0.078,on_track
DELTA-0888,Government,41,0.529,0.377,0.094,685591.0,57246848,943212.0,78758202,8,9,2,time_and_material,0.582,4,0.081,at_risk
DELTA-0889,Telecom,15,0.354,0.349,0.297,138180.0,11538030,173154.0,14458359,8,9,3,time_and_material,0.633,1,0.148,at_risk
DELTA-0890,BFSI,9,0.429,0.383,0.188,1241683.0,103680530,1851096.0,154566516,14,18,7,time_and_material,0.581,2,0.205,failed
DELTA-0891,Energy,8,0.53,0.134,0.336,1194078.0,99705513,1362374.0,113758229,14,15,5,outcome_based,0.547,0,0.206,on_track
DELTA-0892,Energy,21,0.397,0.321,0.282,176663.0,14751360,234299.0,19563966,11,14,3,time_and_material,0.618,3,0.12,at_risk
DELTA-0893,BFSI,8,0.38,0.484,0.136,118210.0,9870535,143637.0,11993689,18,19,3,time_and_material,0.607,1,0.061,at_risk
DELTA-0894,Manufacturing,15,0.467,0.089,0.444,372321.0,31088803,434158.0,36252193,10,11,3,time_and_material,0.542,2,0.06,at_risk
DELTA-0895,Telecom,38,0.157,0.343,0.5,145397.0,12140649,180694.0,15087949,8,9,1,fixed_bid,0.554,1,0.094,on_track
DELTA-0896,Telecom,12,0.571,0.207,0.222,70199.0,5861616,87482.0,7304747,8,9,4,outcome_based,0.618,0,0.108,at_risk
DELTA-0897,Government,32,0.334,0.423,0.243,629773.0,52586045,869802.0,72628467,12,14,8,time_and_material,0.517,3,0.157,at_risk
DELTA-0898,Telecom,7,0.409,0.345,0.246,594099.0,49607266,776189.0,64811781,8,9,2,time_and_material,0.672,1,0.073,failed
DELTA-0899,Energy,10,0.597,0.107,0.296,228652.0,19092442,282469.0,23586161,9,9,1,time_and_material,0.601,1,0.086,at_risk
DELTA-0900,Retail,6,0.331,0.483,0.186,63794.0,5326799,71376.0,5959896,10,11,1,time_and_material,0.492,0,0.119,on_track
DELTA-0901,Manufacturing,15,0.496,0.223,0.281,65737.0,5489039,71032.0,5931172,9,9,0,time_and_material,0.579,0,0.044,on_track
DELTA-0902,Telecom,23,0.395,0.364,0.241,218929.0,18280571,248963.0,20788410,11,11,1,time_and_material,0.495,2,0.119,on_track
DELTA-0903,Government,15,0.11,0.508,0.382,126768.0,10585128,148712.0,12417452,10,10,1,time_and_material,0.524,2,0.079,on_track
DELTA-0904,Energy,31,0.121,0.379,0.5,146241.0,12211123,156734.0,13087289,8,8,0,time_and_material,0.573,1,0.045,on_track
DELTA-0905,Retail,9,0.5,0.083,0.417,498703.0,41641700,585496.0,48888916,14,15,5,fixed_bid,0.528,0,0.084,on_track
DELTA-0906,Healthcare,17,0.216,0.481,0.303,384562.0,32110927,476351.0,39775308,8,9,1,outcome_based,0.676,1,0.051,at_risk
DELTA-0907,Healthcare,10,0.377,0.123,0.5,687164.0,57378194,816599.0,68186016,8,9,2,fixed_bid,0.612,1,0.076,on_track
DELTA-0908,Retail,18,0.304,0.196,0.5,81506.0,6805751,104689.0,8741531,8,9,1,fixed_bid,0.627,2,0.078,at_risk
DELTA-0909,Energy,20,0.575,0.2,0.225,145965.0,12188077,226886.0,18944981,10,12,7,fixed_bid,0.569,3,0.167,failed
DELTA-0910,Government,21,0.583,0.302,0.115,393597.0,32865349,546363.0,45621310,9,10,6,fixed_bid,0.576,1,0.09,failed
DELTA-0911,Retail,7,0.226,0.57,0.204,297530.0,24843755,398323.0,33259970,8,9,3,time_and_material,0.669,0,0.149,failed
DELTA-0912,Manufacturing,8,0.301,0.611,0.088,789489.0,65922331,967329.0,80771971,15,16,1,outcome_based,0.587,1,0.037,at_risk
DELTA-0913,Manufacturing,9,0.331,0.169,0.5,290245.0,24235457,441902.0,36898817,8,11,4,outcome_based,0.637,3,0.252,failed
DELTA-0914,Healthcare,12,0.39,0.15,0.46,1048947.0,87587074,1347404.0,112508234,15,17,2,time_and_material,0.573,2,0.063,at_risk
DELTA-0915,Telecom,15,0.1,0.4,0.5,323196.0,26986866,413001.0,34485583,11,13,6,time_and_material,0.589,2,0.185,at_risk
DELTA-0916,Government,22,0.467,0.118,0.415,517078.0,43176013,635822.0,53091137,15,16,3,time_and_material,0.587,1,0.176,at_risk
DELTA-0917,Healthcare,8,0.108,0.757,0.135,148573.0,12405845,190766.0,15928961,17,17,4,time_and_material,0.618,1,0.056,on_track
DELTA-0918,Telecom,5,0.296,0.39,0.314,201361.0,16813643,290108.0,24224018,8,10,5,outcome_based,0.535,1,0.071,failed
DELTA-0919,Telecom,54,0.362,0.138,0.5,451283.0,37682130,641133.0,53534605,10,13,2,outcome_based,0.585,7,0.147,at_risk
DELTA-0920,EdTech,7,0.151,0.41,0.439,848886.0,70881981,1031834.0,86158139,12,12,3,fixed_bid,0.524,0,0.11,on_track
DELTA-0921,Manufacturing,24,0.283,0.37,0.347,383200.0,31997200,543923.0,45417570,12,15,4,fixed_bid,0.6,4,0.142,failed
DELTA-0922,Energy,15,0.297,0.568,0.135,184452.0,15401742,241530.0,20167755,10,11,6,outcome_based,0.513,1,0.155,at_risk
DELTA-0923,BFSI,17,0.591,0.325,0.084,686664.0,57336444,769342.0,64240057,10,11,3,time_and_material,0.631,0,0.01,on_track
DELTA-0924,Energy,14,0.568,0.095,0.337,50000.0,4175000,55783.0,4657880,8,8,0,fixed_bid,0.558,0,0.041,on_track
DELTA-0925,BFSI,11,0.124,0.376,0.5,55270.0,4615045,63242.0,5280707,8,8,1,fixed_bid,0.546,1,0.049,on_track
DELTA-0926,Retail,19,0.5,0.083,0.417,367129.0,30655271,496825.0,41484887,15,18,4,fixed_bid,0.525,1,0.112,at_risk
DELTA-0927,Manufacturing,11,0.213,0.479,0.308,201329.0,16810971,219021.0,18288253,11,10,5,time_and_material,0.54,0,0.123,on_track
DELTA-0928,Telecom,29,0.27,0.23,0.5,342820.0,28625470,537444.0,44876574,14,18,6,outcome_based,0.596,4,0.244,failed
DELTA-0929,Government,20,0.263,0.612,0.125,210652.0,17589442,284596.0,23763766,8,9,3,outcome_based,0.633,2,0.093,failed
DELTA-0930,BFSI,21,0.5,0.083,0.417,332319.0,27748636,446844.0,37311474,8,9,2,fixed_bid,0.618,2,0.058,at_risk
DELTA-0931,Energy,10,0.427,0.418,0.155,95514.0,7975419,122876.0,10260146,8,10,5,outcome_based,0.661,0,0.2,failed
DELTA-0932,Telecom,12,0.39,0.469,0.141,332181.0,27737113,441579.0,36871846,11,14,0,fixed_bid,0.647,2,0.175,at_risk
DELTA-0933,BFSI,7,0.446,0.151,0.403,486490.0,40621915,619666.0,51742111,8,9,5,outcome_based,0.618,0,0.036,at_risk
DELTA-0934,BFSI,12,0.308,0.479,0.213,596297.0,49790799,848680.0,70864780,21,25,7,fixed_bid,0.558,1,0.068,failed
DELTA-0935,EdTech,7,0.328,0.442,0.23,1217364.0,101649894,1538375.0,128454312,9,10,5,time_and_material,0.583,0,0.109,at_risk
DELTA-0936,BFSI,32,0.169,0.516,0.315,247629.0,20677021,360059.0,30064926,10,11,2,time_and_material,0.498,5,0.102,at_risk
DELTA-0937,Government,15,0.535,0.089,0.376,254363.0,21239310,300927.0,25127404,17,19,2,time_and_material,0.606,1,0.072,at_risk
DELTA-0938,Manufacturing,16,0.551,0.092,0.357,50470.0,4214245,60673.0,5066195,10,10,4,outcome_based,0.592,0,0.023,on_track
DELTA-0939,Government,12,0.41,0.456,0.134,123220.0,10288870,155354.0,12972059,9,11,1,outcome_based,0.649,1,0.063,at_risk
DELTA-0940,Healthcare,16,0.468,0.09,0.442,167079.0,13951096,229592.0,19170932,8,9,3,fixed_bid,0.542,1,0.102,at_risk
DELTA-0941,Telecom,65,0.1,0.4,0.5,511594.0,42718099,766981.0,64042913,8,10,2,outcome_based,0.601,6,0.247,failed
DELTA-0942,Manufacturing,12,0.389,0.111,0.5,114702.0,9577617,165767.0,13841544,12,14,4,outcome_based,0.532,3,0.116,failed
DELTA-0943,EdTech,10,0.6,0.159,0.241,407055.0,33989092,522326.0,43614221,18,21,5,outcome_based,0.574,0,0.099,at_risk
DELTA-0944,Manufacturing,20,0.264,0.421,0.315,198499.0,16574666,232966.0,19452661,8,8,2,time_and_material,0.516,1,0.103,on_track
DELTA-0945,Manufacturing,5,0.598,0.173,0.229,169489.0,14152331,216371.0,18066978,8,9,3,time_and_material,0.683,0,0.135,failed
DELTA-0946,Energy,15,0.549,0.095,0.356,248700.0,20766450,316059.0,26390926,8,9,2,time_and_material,0.612,2,0.1,at_risk
DELTA-0947,Manufacturing,11,0.277,0.299,0.424,139798.0,11673133,140529.0,11734171,8,8,1,fixed_bid,0.552,0,0.018,on_track
DELTA-0948,EdTech,8,0.518,0.09,0.392,135112.0,11281852,163534.0,13655089,8,8,2,time_and_material,0.581,0,0.117,on_track
DELTA-0949,Government,20,0.493,0.085,0.422,50000.0,4175000,56858.0,4747643,15,15,0,fixed_bid,0.577,1,0.046,on_track
DELTA-0950,Manufacturing,15,0.195,0.564,0.241,159028.0,13278838,205520.0,17160920,12,12,5,time_and_material,0.563,1,0.078,at_risk
0,Healthcare,8,0.472,0.088,0.44,199934.0,0,232472.78,0,8,0,2,outcome_based,0.606,0,0.068,on_track
0,IT Services,15,0.2,0.5,0.3,500000.0,0,510000.0,0,24,0,1,fixed_price,0.55,0,0.05,on_track
0,IT Services,15,0.2,0.5,0.3,500000.0,0,510000.0,0,24,0,1,fixed_price,0.55,0,0.05,on_track
0,IT Services,15,0.2,0.5,0.3,500000.0,0,510000.0,0,24,0,1,fixed_price,0.55,0,0.05,on_track
0,BFSI,22,0.171,0.431,0.398,182679.0,0,243242.41,0,8,0,3,outcome_based,0.639,2,0.12,at_risk
